tx_title,phrase_id,v,sentence,translation
Hombre perezoso,T30_P3,aj,"ke, ke kita' raj tichakun.+",Que que no quiere trabajar.
Hombre perezoso,T30_P10,ye',I tzik' rxóqil tb'e chijye'ik jwaa.+,Y la pobre mujer se va a dejarle su comida. (almuerzo)
Hombre perezoso,T30_P12,ye',"chij ye'ik jwaa,+",A dejarle su comida.
Hombre perezoso,T30_P19,aj,tijk'ey chaak kita' raj tchakun.+,No quiere trabajar.
Hombre perezoso,T30_P31,aj,Neen k'u chawaj.+,Que es lo que quieres.
Hombre perezoso,T30_P36,k'ex,Baay i neen k'u moo tqab'an chi jk'exik qib'.+,Baya y que modo podemos hacer para cambiarnos.
Hombre perezoso,T30_P45,y,I tipeti' anm chijyik almwers.+,Y viene la mujer a dejar almuerzo.
Hombre perezoso,T30_P78,tij,"kita' raj tijtij waa,+",No quiere comer su tortilla.
Hombre perezoso,T30_P79,aj,ta' raj.+,No quiere.
Hombre perezoso,T30_P92,q'ii',I li tuj ta' tijq'ii'w.+,Y en el temascal no aguanta.
Hombre perezoso,T30_P94,q'i,ta' tijq'i'w xok li tuj.+,No aguanta entrar en el temascal.
Hombre perezoso,T30_P97,b'ij,"I wunaq ta' tijb'ij re anm,+",Y el hombre no le dice a la mujer.
Hombre perezoso,T30_P110,tij,kita' tijtij.+,No quiere comer.
Hombre perezoso,T30_P136,aaj,pwes ke kom re kita' raaj tchakun.+,Pues como él no quiere trabajar.
Hombre perezoso,T30_P146,etama,re' retamaj anm.+,Ella lo supo.
Hombre perezoso,T30_P148,aaj,kwand kita' raaj tchakun+,Cuando no quiere trabajar.
Hombre perezoso,T30_P149,aaj,"tikwini' ti, ti raaj tijk'ex rib' rk'i jun awaj.+",Puede cambiarse con un animal.
Hombre perezoso,T30_P149,k'ex,"tikwini' ti, ti raaj tijk'ex rib' rk'i jun awaj.+",Puede cambiarse con un animal.
Hombre perezoso,T30_P151,en,loq'i tren titi chakun jun+,Se puede hacer que trabaje uno.
Hombre perezoso,T30_P153,koj,Per kita'n tijkoj jun saq'oril.+,Pero no es bueno ser uno perezoso.
Hombre perezoso,T30_P161,il,Trila'tqa' ke kwand tichakun jun+,Miran cuando trabaja uno.
Hombre perezoso,T30_P165,b'ij,I si no ójor taq qaqaaj qachuuch tijb'ij taq.+,Y si no antiguamente nuestros padres y madres nos decian.
Hombre perezoso,T30_P194,b'ij,ta' qelen t'ijb'ij taq re jun xaqne'+,No dicen nada a uno solo.
Hombre perezoso,T30_P197,b'ij,ri' k'u li tijb'iji' loq'laj tiyoox wuj tambyeen.+,Eso es lo que dice el Santo Libro también.
Hombre perezoso,T30_P206,b'ij,"Per si wi' tijb'ij oj tijini' li chaak,+",Pero algo será que estemos constantes en el trabajo.
Hombre perezoso,T30_P207,k'am,ri' k'u li jk'amik jb'ee.+,Eso es llevar el camino. (corregir)
Hombre perezoso,T30_P211,aj,"Kita' raj, kita' raj tren upiis,+",No quiere no quiere hacer oficios.
Hombre perezoso,T30_P212,aj,kita' raj tijkoj saq'oril ta' raj tichakun.+,No quiere que sea perezoso no quiere trabajar.
Hombre perezoso,T30_P212,koj,kita' raj tijkoj saq'oril ta' raj tichakun.+,No quiere que sea perezoso no quiere trabajar.
Hombre perezoso,T30_P212,aj,kita' raj tijkoj saq'oril ta' raj tichakun.+,No quiere que sea perezoso no quiere trabajar.
Hombre perezoso,T30_P231,-il,Ril chi kita' xq'i' raj jb'o'j+,Vio que no aguanto o soporto su olla.
Hombre perezoso,T30_P242,b'ij,"Tos ri k'u li ke tijb'ij taq qaqaaj qachuuch,+",Entonces eso es lo que dicen nuestros padres nuestras madres.
Hombre perezoso,T30_P247,ne',Anm rene' rupiis+,La mujer que haga su oficio.
Hombre perezoso,T30_P248,koj,"jkoje' jwaa,+",Que heche sus tortillas.
Hombre perezoso,T30_P249,ch'aj,"jch'aje' rtz'iq,+",Que lave su ropa.
Hombre perezoso,T30_P250,aj,raj... jmese' la jaa.+,Quiere barrer la casa.
Hombre perezoso,T30_P250,mes,raj... jmese' la jaa.+,Quiere barrer la casa.
Hombre perezoso,T30_P252,koj,"jkoje' ri, ri, ri ja'+",Que ponga el el el agua.
Hombre perezoso,T30_P253,ne',li q'aaq' rene' jwa'x juntir.+,En el fuego que lo arregle todo.
Hombre perezoso,T30_P253,wa'x,li q'aaq' rene' jwa'x juntir.+,En el fuego que lo arregle todo.
Hombre perezoso,T30_P255,k'am,"jk'ome' rupiis,+",Que lleve su oficio. (que tome su oficio en cerio)
Hombre perezoso,T30_P257,ne',rene' jkiyem.+,Que teje.
Hombre perezoso,T30_P258,ne',I jun wunaq rene' jchaak.+,Y un hombre que haga su trabajo.
Hombre perezoso,T30_P262,koj,"Pwes ke tijkoj taq saq'oril,+",Pues que son perezosos.
Hombre perezoso,T30_P266,k'ut,nik' qe jk'utik ra rupiisaq.+,Solo igual hay que enseñarles sus oficios o tareas.
Hombre perezoso,T30_P274,b'ij,Niri wach ulew wi' mas tijb'ij taq+,Aqui sobre la tierra hay más que dicen.
Hombre perezoso,T30_P276,b'ij,Tijb'ij taq.+,Dicen ellos.
Hombre perezoso,T30_P277,tijoj,Re xaq wunaq wi' lwar tijtijoj rib'.+,Solo los hombres tienen derecho de aprender.
Hombre perezoso,T30_P278,taq,"I anm re anm qe ta' jtaqik anm,+",Y la mujer ella es mujer sola no lo manden porque es mujer.
Hombre perezoso,T30_P280,b'ij,Tons tijb'ij taq re jchuuch.+,Entonces le dicen a sus mamas.
Hombre perezoso,T30_P288,pensar,sacheli' jun kitz jpensaraq.+,"Estan un poco confundidos, o han perdido sus pensamientos."
Hombre perezoso,T30_P289,ye',"Ke xaq tijye' taq ri, ri, ri lwar re wunaq,+",Que solo le dan lugar a los hombres
Hombre perezoso,T30_P302,en,"loq'laj taq chaak tijin tren taq,+",Santo trabajo loque estan haciendo.
Hombre perezoso,T30_P311,en,jun chaak tren loke tkwin jun wunaq chijb'anik.+,Un trabajo que hace o loque puede un hombre hacer.
Hombre perezoso,T30_P311,b'an,jun chaak tren loke tkwin jun wunaq chijb'anik.+,Un trabajo que hace o loque puede un hombre hacer.
Hombre perezoso,T30_P314,tijo,tijtijoj na rib' na juntir.+,Tiene que aprender todo.
Hombre perezoso,T30_P315,ch'ek,"Tina jch'ek na,+",Tiene que ganarlo.
Hombre perezoso,T30_P316,tijo,"ra, ra tina jtijoj rib'.+",Tiene que aprender.
Hombre perezoso,T30_P317,tij,"I k'ex tijtij na chi jch'ekik ra, ra, ra restudiy.+",Y sufre para ganar sus estudios.
Hombre perezoso,T30_P317,ch'ek,"I k'ex tijtij na chi jch'ekik ra, ra, ra restudiy.+",Y sufre para ganar sus estudios.
Nabita,T35_P10,il,qus rilik chaq tra íchij.+,Bonito se ve las hierbitas.
Nabita,T35_P11,chaku,I tijchakuj.+,Y lo trabaja.
Nabita,T35_P16,b'an,i ta' tran ra rijil ree.+,Y no le alcansa su dinero.
Nabita,T35_P17,loq',Lo ke tijch'ek re tijloq' ra qlen re ra rixóqil la jaa i re familya juntir.+,"Loque gana para comprar las cosas de su mujer, para las cosas de la casa y de su familia."
Nabita,T35_P41,ye',"ta' raj tijye' ree,+",No quiere darle.
Nabita,T35_P55,ye',"Ta' raj tijye' ree,+",No le quiere dar.
Nabita,T35_P68,ye',kom kita' tijye'w tijtz'onaj ree+,Como no lo da cuando se lo pide.
Nabita,T35_P81,yej,"xok chi jyajik,+",Empezó a regañarlo.
Nabita,T35_P99,j-,kom sewr kita' mas qleen neen ti jtij taq.+,Y como seguro que no tienen mucho que comer.
Nabita,T35_P121,ya',naad raj man anm tijyaw.+,No quiere dar esa mujer.
Nabita,T35_P136,ch'up,"ke si kabal wi', chi jch'upik kwand, xpe man étzel anm,+","Qui si cabal estava cortando, cuando vino esa mala mujer."
Nabita,T35_P196,ye',"kwand juun, k'ex ree la jranm juun tijye' ra relk'wal ree kristyan, tik'isi'+",Cuando uno le duele en su corazón dar un hijito a una persona.
Nabita,T35_P197,chap,"kwaand tijchep rarm jun, tijye' jun relk'wal ree jun kristyan chik.+","Cuando el corazón permite a uno de dar su hijo, a otra gente."
Nabita,T35_P197,ye',"kwaand tijchep rarm jun, tijye' jun relk'wal ree jun kristyan chik.+","Cuando el corazón permite a uno de dar su hijo, a otra gente."
Nabita,T35_P264,b'an,"ral ék'el, ni kaas tran rechaq,+",El patojito nicaso les hace.
Nabita,T35_P266,ye',"ni tijye' kwet we jqaqj o jchuuch in,+",Ni se da cuenta que si son los padres de el.
Nabita,T35_P271,ye',ta' chiki' tijye' lwar rre ti'el b'ik+,Ya no le da lugar para que salga.
Nabita,T35_P272,chaja,tib'e jchajaj+,Lo va ir cuidar.
Nabita,T35_P274,k'am,tijk'am taq b'ik ch'qaat.+,Se lo llevan.
Nabita,T35_P275,muq,"Ta' k'ex ti jmuq taq b'ik,+",Derepente lo van a esconder.
Nabita,T35_P284,b'ij,"wi' ka' maq ti jb'ij taq li kasteyan maq torre,+",Asi como dicen en castellano las torres.
Nabita,T35_P295,ye',"tijye' jwa' ral ék'el ra aanm kla', kila'+",Le da la comida a la patojita allí allí.
Nabita,T35_P299,ye',xaq tijye' rtz'iq juntir.+,Solo le da su ropa todo.
Nabita,T35_P313,ye',t'ijye' jwa ra anm.+,Le da comida a la mujercita.
Nabita,T35_P360,b'an,"I sol jiloon traan,+",Y solo así lo hace.
Nabita,T35_P364,b'an,"I tijta' pok jun ra kant tren o jun ra b'iix tran, tren+","Y derepente escuchó un canto que hace, o una cancioncita que hace."
Nabita,T35_P471,ye',ya tijye' retaal+,Solo esta controlando. (ya va llegando la hora)
Nabita,T35_P537,ta',neen mod xatjyuq jte'.+,Cómo fue que te vino a encontrar.
Nabita,T35_P553,ch'ab'e,"te' jch'ab'ej chik,+",Lo habló otra vez.
Nabita,T35_P563,ch'ab'e,"Ntons, jilon we xtaw chik chi jch'ab'ej+",Entonces sí llega otra vez a hablarle.
Nabita,T35_P585,ye',"ika' li las xijye'w,+",saber en donde la fue a dejar.
Hombre-que-come-elote,T52_P9,k'ame,"Tijk'amech' k'ux re jtiyempo sa'j,+",Se va atraer elote en tiempo de verano.
Hombre-que-come-elote,T52_P11,tij,"I tyu', tyu' chi rchoch tijtij tra k'ux,+",Y llega llega en su casa se come los elotillos.
Hombre-que-come-elote,T52_P13,tij,I baa tijtij k'ux.+,Y va de comer elote.
Hombre-que-come-elote,T52_P38,tij,I baa tijtij k'ux re jtiyempo sa'j.+,Y va de comer elote en tiempo de verano.
Hombre-que-come-elote,T52_P98,il,ril jun ra b'o'j.+,Vio una ollita.
Hombre-que-come-elote,T52_P109,ye',"Xiij por gust qe iin ta' tijye' taq jun kitz wee,+",Dijo por gusto a mi no me daran un mi poco.
Hombre-que-come-elote,T52_P115,en,ni jun bokad ta' tren.+,Ni alcanza para un vocado bocado.
Hombre-que-come-elote,T52_P134,tor,"Xe' taqch xijtoretaqch jab',+","Se fuero, fueron a abrir la lluvia, o destapar la lluvia."
Hombre-que-come-elote,T52_P157,oqta,I... i baa troqtaj taq ra ék'el.+,Y y va de correr al niño.
Hombre-que-come-elote,T52_P172,il,"Kwand ri' chaq ril taq,+",Cuando derepente vieron.
Mujer-con-nawal,T54_P12,en,"I re trena'n loke, loke neen raj tren,+",Y ella hace lo que ella quiere hacer.
Mujer-con-nawal,T54_P12,aj,"I re trena'n loke, loke neen raj tren,+",Y ella hace lo que ella quiere hacer.
Mujer-con-nawal,T54_P12,en,"I re trena'n loke, loke neen raj tren,+",Y ella hace lo que ella quiere hacer.
Mujer-con-nawal,T54_P13,en,trena'n.+,Si hace.
Mujer-con-nawal,T54_P15,il,Tril tichokoni'n jwi'l tril.+,Mira que ella necesita.
Mujer-con-nawal,T54_P15,il,Tril tichokoni'n jwi'l tril.+,Mira que ella necesita.
Mujer-con-nawal,T54_P28,tzek,"Ay neen ku' moo jtzekik tanb'an,+",Hay que modo cocer lo hago. (como cocerlo pues)
Mujer-con-nawal,T54_P30,tzek,"Noo loke jtzekik tab'an,+",No lo forma de cocer que tienes que hacer.
Mujer-con-nawal,T54_P40,b'iij,"kita', kita' xtaaw rk'i rch'exik li tijb'iij.+",No no llego con su familiar que dijo.
Mujer-con-nawal,T54_P63,en,"ta' tren per ni chweyn,+",No alcanza ni para mi.
Mujer-con-nawal,T54_P74,k'om,"Derepent xi', xi' xijk'ome'.+",De repente fue fue a traer.
Mujer-con-nawal,T54_P76,en,"neen k'u tren ra, ra, ra b'o'j ri,+",¿Que hara pues esta olla?
Mujer-con-nawal,T54_P78,tzaq,"Si tintzaq ab'aj pijpech kinaq',+",Si le hecho piedras con los frijoles.
Mujer-con-nawal,T54_P79,en,"neen k'u moo ri tren,+",¿Y que es lo que hace?
Mujer-con-nawal,T54_P83,b'ij,ra anm li jb'ij Lupaa.+,la mujer se llama Lupa.
Mujer-con-nawal,T54_P84,chomorsa,Xok chij chomorsajk+,Empezo a pensar.
Mujer-con-nawal,T54_P85,chomorsa,i baa jchomorsaj tren.+,Y va de pensar está haciendo.
Mujer-con-nawal,T54_P85,en,i baa jchomorsaj tren.+,Y va de pensar está haciendo.
Mujer-con-nawal,T54_P91,k'am,Para ke ta' inijk'am b'ik ra ja'.+,Para que no me lleve el agua.
Mujer-con-nawal,T54_P100,en,i baa chomorsaan tren.+,Y va de pensar esta.
Mujer-con-nawal,T54_P102,en,i baa b'iis tren.+,Y va de tristear esta. (esta muy triste)
Mujer-con-nawal,T54_P109,ta',kita' chki' tijta' neen tren.+,Ya no encuentra que hacer.
Mujer-con-nawal,T54_P109,en,kita' chki' tijta' neen tren.+,Ya no encuentra que hacer.
Mujer-con-nawal,T54_P111,en,i baa b'iis i baa b'iixon tren.+,Y va de tristear y va de cantar estaba.
Mujer-con-nawal,T54_P122,esa,"I xok chij resaj,+",Y empezo a sacar.
Mujer-con-nawal,T54_P123,esaa,"xok chij resaaj nik'aj ra, ra ritz'iq.+",Empezo a sacar unas de sus ropas.
Mujer-con-nawal,T54_P124,esaa,Xok chij resaaj ritz'iq+,Empezo a sacar su ropa.
Mujer-con-nawal,T54_P125,esa,i baa ritz'iq tresaj.+,Y va ropa esta sacando.
Mujer-con-nawal,T54_P134,tok,Xok chij tokik traj jwich chee'.+,Empezo a buscar las frutas de los árboles.
Mujer-con-nawal,T54_P135,tok,I baa jtokik tra jwich chee' tren.+,Y va de buscar las frutas del árbol hace.
Mujer-con-nawal,T54_P136,tok,I baa tra... i baa jtokik.+,Y va de y va de cortar.
Mujer-con-nawal,T54_P142,b'aq,xmol pwes xok chij b'aqik jb'aa la'.+,Juntó pues y empezó a enjuagarse la cabeza con ella.
Mujer-con-nawal,T54_P143,ya',"I tz'et qe tpuluw tra, tra ch'amach' tijyaw.+",Y cierto pues que espumea las las guayabas agrias se dan.
Mujer-con-nawal,T54_P144,il,"Komoo tra ch'amach' rilik,+",Como guayabas agrias se ve.
Mujer-con-nawal,T54_P146,mol,Toos xok chij molik lajb'a.+,Entonces empezo a juntar en su cabeza.
Mujer-con-nawal,T54_P147,il,"I baa ri' chaq tril tiwooqow, tiwooqow chi riij,+",Y va de de ver si espumeaba espumeaba de tras.
Mujer-con-nawal,T54_P149,b'an,I... xok chij b'anik.+,Y empezo a hacer.
Mujer-con-nawal,T54_P152,en,"baay re baa ch'opiin chaq tren,+",Baya ella va de brincar estaba.
Mujer-con-nawal,T54_P154,en,i baa ch'opiin chaq tren cha'.+,Y va de brincar estaba dice.
Mujer-con-nawal,T54_P155,en,I baa ch'opiin chaq tren li ja'.+,Y va de brincar estaba en el agua.
Mujer-con-nawal,T54_P156,il,"I kom tzii tril ra ja' ra nuch',+",Y como le gusta pues que el agua es pequeñita.
Mujer-con-nawal,T54_P158,yol,I derepente xtaw chij yolik+,Y derepente llego a contar.
Mujer-con-nawal,T54_P159,yol,i baa jyolik tren.+,Y va de contar estava.
Mujer-con-nawal,T54_P159,en,i baa jyolik tren.+,Y va de contar estava.
Mujer-con-nawal,T54_P170,tzek,I xijsaj re ke juun qe raj b'aq'wich tijtzek.+,Y le dijerón a ella que un solo granito tiene que cocer.
Mujer-con-nawal,T54_P173,tzek,Derepente juun qe ra jb'aq'wich kinaq' tijtzek xijsaj re.+,Derepente un solo granito de frijol lo coces le dijeron a ella.
Mujer-con-nawal,T54_P175,tzek,ke juun qe tijtzek.+,Que uno nada mas lo coce.
Mujer-con-nawal,T54_P187,en,i baa ch'opiin tren+,Y va de brincar estaba.
Mujer-con-nawal,T54_P188,en,i baa ch'opiin tren.+,Y va de brincar estaba.
Mujer-con-nawal,T54_P201,yol,"Xok chij yolik re jqaaj,+",Empezó a contarle a su papá.
Mujer-con-nawal,T54_P202,yol,xok chij yolik re chuuch.+,Empezó a contarle a su mamá.
Mujer-con-nawal,T54_P218,tok,"I xaq derefent xok chij tokik tra...,+",Y derrepente empezó a buscar.
Mujer-con-nawal,T54_P221,mol,i xok chij molik.+,Y empeso a juntar.
Mujer-con-nawal,T54_P222,mol,I baa jmolik tren.+,Y va de juntar estaba.
Mujer-con-nawal,T54_P222,en,I baa jmolik tren.+,Y va de juntar estaba.
Mujer-con-nawal,T54_P225,tok,"chij tokik ri', ri' chki' jtokiik lamaas trenw,+",A buscar en en donde hace.
Mujer-con-nawal,T54_P225,tok,"chij tokik ri', ri' chki' jtokiik lamaas trenw,+",A buscar en en donde hace.
Mujer-con-nawal,T54_P225,en,"chij tokik ri', ri' chki' jtokiik lamaas trenw,+",A buscar en en donde hace.
Mujer-con-nawal,T54_P226,tzek,lamaas tijtzekw.+,En donde cocerlo.
Mujer-con-nawal,T54_P230,mol,"Xijmole' tra, tra, tra, tra riij chee'.+",Se fue a juntó su su su su cáscara de palo.
Mujer-con-nawal,T54_P232,tz'aq,baay xok chij tz'aqik jun raj b'o'j re.+,Baya empezó a hacer una su ollita de ella.
Mujer-con-nawal,T54_P237,tz'aq,I kabal xkwini' chij tz'aqik.+,Y cabal pudo hacerlo.
Mujer-con-nawal,T54_P258,ik'a,"I lajori aat atb'ek ya ri' chaq rik'aj ra, ra anm jb'ij Lupita.+",Y ahora tú te vas ya cuando sintio la mujer la mujercita llamada Lupita.
Mujer-con-nawal,T54_P263,ik'aa,"Ri' chaq trik'aj re,+",Derepente sintio ella.
Mujer-con-nawal,T54_P273,en,"I baa xojooj chaq tren,+",Y va de vailar estaba haciendo. (y bailando se esta dice)
Mujer-con-nawal,T54_P274,ta',ta' chki' tijta' lamaas tib'e'w.+,Ya no encuentra donde irse.
Mujer-con-nawal,T54_P275,-ta',Ta' chki' tijta' lamaas tib'e'w.+,Ya no encuentra a donde irse.
Mujer-con-nawal,T54_P318,esa,"Despwes tresajch jun ra,+",Despues saca una.
Mujer-con-nawal,T54_P321,esa,jun ra bolita tresajch laj jee'.+,Una bolita saca en su cola.
Mujer-con-nawal,T54_P322,t'oj,I tikaj t'oje'.+,Y deja tirado.
Mujer-con-nawal,T54_P327,en,Wi' swerte re kwalkyer kosa loke neen tren.+,Tiene suerte de cualquir cosa que hace.
Un hombre cazador,T56_P3,en,re tren bolber ka'n.+,Él se vuelve animal.
Un hombre cazador,T56_P5,me,tijmech' re sin tz'i' sin.+,Se va a traer él sin perro sin.
Un hombre cazador,T56_P6,k'am,"Xaq tijk'am b'i,+",Solo se lleva.
Un hombre cazador,T56_P7,k'am,jm... xaq tijk'am b'i pwes+,Solo lleva pues.
Un hombre cazador,T56_P8,k'am,ta' tijk'am b'i nii rifle nada.+,No lleva ni rifle nada.
Un hombre cazador,T56_P9,en,"Kond titaw kask re tren bolber jun koj,+",Cuando llega casi que él se vuelve un león.
Un hombre cazador,T56_P11,en,I kwand tipet tren bolber jun koj+,Y cuando viene se vuelve un león.
Un hombre cazador,T56_P13,tok,"tijtoke' tra benad,+",Se va a buscar los venaditos.
Un hombre cazador,T56_P17,te',"i tijte' ra benad,+",Y encuentra al venadito.
Un hombre cazador,T56_P18,oqta,"troqtaj ra benad,+",Corre al venado.
Un hombre cazador,T56_P20,chap,Despwes tijchep+,Despues lo agarra.
Un hombre cazador,T56_P24,tij,"I xaq jun koop qe kik' tijtij,+",Y solo una copa de sangre puede tomar.
Un hombre cazador,T56_P26,tij,"Kom man koj sol kik' tijtij,+",Como ese león solo sangre come. (toma)
Un hombre cazador,T56_P27,tij,tijtij jun koop kik'+,Toma una copa de sangre.
Un hombre cazador,T56_P28,eqa,"i despwes, despwes treqach man benad,+",Y despues despues carga a ese venado.
Un hombre cazador,T56_P32,en,despwes tren chik bolber pongamos kristyan.+,Despues se vuele pongamos persona.
Un hombre cazador,T56_P33,k'am,I... tqejchich juntir tijk'amchich jmorral i tpet.+,Y baja otra vez y se trae su morral y viene.
Un hombre cazador,T56_P34,k'am,Tijk'amch jmorr+,Y se trae su machete.
Un hombre cazador,T56_P35,en,i tiyuq sol ji' tren tib'ek+,Y llega solo asi hace se va.
Un hombre cazador,T56_P47,en,kom re retami'n neen trene'j+,Como él sabe que hacer.
Un hombre cazador,T56_P48,en,"neen moo tren kasar re, re.+",Como hace él para cazar.
Un hombre cazador,T56_P125,en,"i baa orasyon tintren ta' chiki' tkwin tren bolber kristyan,+","Y va de hacer oración hacía, ya no podía volver a ser gente."
Un hombre cazador,T56_P125,en,"i baa orasyon tintren ta' chiki' tkwin tren bolber kristyan,+","Y va de hacer oración hacía, ya no podía volver a ser gente."
Un hombre cazador,T56_P128,en,"neen jchek man li ta' chiki' tren kistyan,+",Porque ya no se vuelve gente.
Un hombre cazador,T56_P132,ika,"I man jun k'exchaq trik'a...j,+",Y ese otro se sintió mal.
Un hombre cazador,T56_P137,eqa,Ntons xpe reqajch man benaa man jun+,Entonces vino se cargo ese otro venado.
Un hombre cazador,T56_P150,koj,"Pongamos re tijkojchaq pongamos mentiras chuch,+",Pongamos él ya esta mentiendo mentiras delante de ella pongamos.
Un hombre cazador,T56_P153,sách,"saber nemoo xijsachoq rib' laq montaña, nimaq taq k'echelaaj.+","Saber de que modo se fue a perderse en las montañas, grandes las montañas."
Un hombre cazador,T56_P179,b'an,"Entons ta' tab'an jun fabor aat,+",Entonces no haces un fabor vos.
Un hombre cazador,T56_P193,en,man jun man tren bolber koj.+,ese uno que se vuelve león.
Un hombre cazador,T56_P196,ye',"xen bolber koj xijye' welt kla' tijtije' maq wákix,+","Se bolvio león fue a dar vuelta allí para comer las vacas,"
Un hombre cazador,T56_P196,tij,"xen bolber koj xijye' welt kla' tijtije' maq wákix,+","Se bolvio león fue a dar vuelta allí para comer las vacas,"
Un hombre cazador,T56_P198,tij,"Wákix chaq tijtije' re li potrer,+",Vacas va a comer él en el potrero.
Un hombre cazador,T56_P203,-k'am,Xkaj xkajk'ame' man rifle+,Se quedo con el rifle. (recibió el rifle)
Un hombre cazador,T56_P208,en,puta i baa tren tronar je'aq tijich' chi rii.+,Puta y hacen tronar sus colas de traz de ellos.
Un hombre cazador,T56_P213,il,kon ya naqaj chaq ril+,Cuando ya cerca lo vio.
Hombre-pobre y hombre-rico,T55_P4,ya',"Baay man komadr rik pwes tijya' nimal,+",Baya él compadre rico da su grandeza.
Hombre-pobre y hombre-rico,T55_P13,me',"lamas xame' pwaq,+",Donde fuistes a traer dinero.
Hombre-pobre y hombre-rico,T55_P38,suj,"i kabal xq'ax jun i baa jsujik tren,+",Y cabal paso uno y va de ofrecer esta.
Hombre-pobre y hombre-rico,T55_P38,en,"i kabal xq'ax jun i baa jsujik tren,+",Y cabal paso uno y va de ofrecer esta.
Hombre-pobre y hombre-rico,T55_P43,il,I kabal pur ra dyaawl rilik.+,Y cabal puro diablo se ve.
Hombre-pobre y hombre-rico,T55_P83,war,"I ki' jwarj maq komersiyant,+",Y estaban bien dormidos los comerciantes.
Hombre-pobre y hombre-rico,T55_P110,il,"Ri' chaq ril re xe' taq lamiyerd lja',+",Y cuando vio él se fueron a la mierda en el agua.
Hombre-pobre y hombre-rico,T55_P134,en,Loke paske tren taq jaa+,Lo que pasa que hacen casas.
Hombre-pobre y hombre-rico,T55_P135,me',i kita' ab'aj lamas tijme' taq.+,"Y no hay piedras, a donde traer."
Hombre-pobre y hombre-rico,T55_P152,suj,I baa jsujik tren+,Y va de ofrecer esta.
Hombre-pobre y hombre-rico,T55_P152,en,I baa jsujik tren+,Y va de ofrecer esta.
Hombre-pobre y hombre-rico,T55_P153,suj,i baa jsujik tren+,Y va de ofrecer esta.
Hombre-pobre y hombre-rico,T55_P153,en,i baa jsujik tren+,Y va de ofrecer esta.
Hombre-pobre y hombre-rico,T55_P156,ik'a,"Ooj man kompadre rik k'exchaq trik'aj wi' kila',+",O él compadre rico ya estava bien enojado de estar allí.
Hombre-pobre y hombre-rico,T55_P172,en,Rek... pongamos re chaq tren koj protext re jnimal.+,Pongamos ellos hicierón pretextos de: (hizo pretexto)
Sapo y venado,T49_P13,tay,ke... tzeb'el jtayik baa.+,Que da risa al escuchar verdad.
Sapo y venado,T49_P15,esa,"Siyempr jun tresaj na alg de re...,+",Siempre uno saca algo de él.
Sapo y venado,T49_P16,esa,tresaj tzeb'al baa.+,Saca riza verdad.
Sapo y venado,T49_P71,en,"el ke neen tren perder ri' tren perder,+","El que, quien pierda, es el de perder."
Sapo y venado,T49_P71,en,"el ke neen tren perder ri' tren perder,+","El que, quien pierda, es el de perder."
Sapo y venado,T49_P143,il,I... kabalmente kwando ri' chaq tril taq+,Y cabalmente cuando vio.
Sapo y venado,T49_P196,en,"B'eetz', b'eetz', b'eetz' tren ra ixpaqar.+",El grito del sapito.
Sapo y venado,T49_P204,te',"Ta' naa tijte',+",No hay nada que lo alcanza.
Sapo y venado,T49_P210,il,"I ri' chaq tril rechaq,+",Y cuando vieron ellos.
Sapo y venado,T49_P211,q'i,kwando tzik' wenaa ta' chiki' tijq'iw.+,Cuando el pobre venado ya no aguantava.
Sapo y venado,T49_P226,te',"I nemoo ta' tinte',+",Y por que no lo alcanzo.
Sapo y venado,T49_P230,ye',"I baa i... baa tijye' re,+",Y va y va de darle.
Sapo y venado,T49_P245,en,kita' tzii tren ji'non li.+,No esta bien lo que hace.
Sapo y venado,T49_P246,en,"Tren famar rib' li bee,+",Se afamava en el camino.
Chipaj,T50_P7,b'an,"re nemoo jb'anik raa, ra luwaar.+",De que modo estaba el pobre lugarcito.
Chipaj,T50_P10,b'ij,"Ke xijb'ij taq kwando xpee re juwisiyo,+",Que fueron adecir cuando vino el juicio.
Chipaj,T50_P19,k'ul,I mas tijk'ul ja'.+,Y más recibe agua.
Chipaj,T50_P20,b'ij,"I... despwes xijb'ij taq ke...,+",Y despues fueron a decir que.
Chipaj,T50_P22,k'ul,tijk'ula' mas ja'.+,Recibe más agua.
Chipaj,T50_P33,tzaq,jwi'li' maq tra chee' tijin tijtzaq taq qawá'xik.+,Por los arboles estan botando nuestra gente.
Chipaj,T50_P35,ij,"de, de tantos re, re neen moo tqa'ij re.+",De de tantos de de así como decimos.
Chipaj,T50_P37,tzaq,nimoo re... detantos re tijtzaq taq chee'.+,Como de tantos de que botan los arboles.
Chipaj,T50_P39,en,jwi'l kistyan ooj lajori tijin tren taq sufrir jun kiitz.+,Por culpa de las personas nosotros ahora estamos sufriendo un poco.
Chipaj,T50_P55,b'ij,poreso es ke tijb'ij taq.+,Por eso es que dicen.
Chipaj,T50_P66,tik,"Tijin, tijtik taq nimoo re... tra chee',+",Estan sembrando como de los arboles.
Chipaj,T50_P67,en,tijin tren taq semyer re.+,Estan haciendo semilleros.
Chipaj,T50_P68,taq,"I tijtaqtaqch en aldeyas,+",Y los mandan en las aldeas.
Chipaj,T50_P70,toj,I li tojsaal tooj... tijtoja'tqa'n.+,"Y eso lo pagan, lopagan ellos."
Chipaj,T50_P75,b'ij,"loke nemoo tijb'ij taq qaqaaj,+",Así como decian nuestros padres.
Chipaj,T50_P78,b'ij,neen jchak tijb'ij taq re Chipaaj.+,Por que le dicen a chipaj.
Chipaj,T50_P91,b'ij,komoo segun tijb'ij taq.+,Como a según dicen.
Hombre mandón,T37_P3,b'ij,"Li nejb'ijre' wi' juu...,+",Y eso como se llama hay un.
Hombre mandón,T37_P4,b'ij,"wi' jun lujuja nejb'ij re' jmokoom,+",Tiene unos diez como se llama sus mozos.
Hombre mandón,T37_P22,il,"tons tpe man, man wunaq taq b'i trilik wákix laq,+",Entonces viene él él hombre los mandó a ver las vacas.
Hombre mandón,T37_P26,aj,I tpet i taq mokom ta' raj tb'e taq.+,Y vienen y los mozos no quieren irce.
Hombre mandón,T37_P28,taq,Toos xpe re baa tijtaq.+,Entonces vino él los mando.
Hombre mandón,T37_P29,aj,I ta' raj taq mokom tb'eek.+,Y no quieren los mosos irse.
Hombre mandón,T37_P30,ik'a,"I pok k'ex trik'aj rechaq,+",Y como les cayo mal a ellos.
Hombre mandón,T37_P46,ye',ta' chi' tijye' jchaak taq mokom.+,Ya no les da trabajo a los mosos.
Hombre mandón,T37_P51,il,"Xirile' taq maq wákix wi' maq wákix,+","Fueron a ver las vacas, y las vacas estavan."
Hombre mandón,T37_P55,il,"Rilik i tijye' taq chi ja',+",Viendo y los fuerón a dejar a la orilla del agua.
Hombre mandón,T37_P55,ye',"Rilik i tijye' taq chi ja',+",Viendo y los fuerón a dejar a la orilla del agua.
Hombre mandón,T37_P56,il,chi ja' rilik kes.+,A la orilla del agua se coomo:
Hombre mandón,T37_P57,il,Ri' chaq tril taq wi' jun nimlaaj wákix+,Derepente vieron hay una vaca muy grande.
Hombre mandón,T37_P63,cheeb',"Kom ta' tijch'eeb' taq jwich o noo,+",Como no lo conocen o no.
Hombre mandón,T37_P64,cheeb',kom ta' tijch'eeb' taq jwich naa man wákix.+,Como no lo conocen su cara de esa vaca nada.
Hombre mandón,T37_P72,cheb',A... ta' tqacheb' jwich.+,A no lo conocemos.
Hombre mandón,T37_P82,il,"Qame' maq ni'j kones man ril ooj taw,+",Llevemos los otros con estos miren.
Hombre mandón,T37_P97,il,"Tzoqomch'olal rilik,+",Espantoso se ve.
Hombre mandón,T37_P102,aj,jun kristyan saq'or naa raj tchakun.+,Una persona perezoso nada quiere trabajar.
Hombre mandón,T37_P103,aj,Naa raj neen tren tzaqsaj jch'olaq.+,Nada quiere que hacer por eso los asustan.
Hombre mandón,T37_P103,en,Naa raj neen tren tzaqsaj jch'olaq.+,Nada quiere que hacer por eso los asustan.
Hombre mandón,T37_P111,b'ij,nejb'ij re' ke loke wi' iin tromb'eji'n.+,Como se llama que loque hay yo lo seguire.
Hombre mandón,T37_P111,omb'e-,nejb'ij re' ke loke wi' iin tromb'eji'n.+,Como se llama que loque hay yo lo seguire.
Hombre mandón,T37_P134,il,Kom tz'et tzik' rechaq rila'tqa'n.+,Como es cierto ellos vieron.
Hombre mandón,T37_P135,il,Wi' xe' taq xij rile' taq xe' taq.+,Y se fuerón a ver se fuerón.
Hombre mandón,T37_P144,il,xij rile' taq.+,Fuerón a verlo.
Hombre mandón,T37_P156,il,"xichaq xril taq lamas t'elw maq wákix,+",Ya solo vierón dedonde salen las vacas.
Hombre mandón,T37_P158,esaa,"Tresaaj taqch,+",Lo quería sacar.
Hombre mandón,T37_P166,chap,iin tromb'ejna est inkwin chij chapik.+,Lo seguire hasta poder agarrarlo.
Hombre mandón,T37_P167,chap,We xin kwin chij chapik tb'enkamsaj.+,Si puedo agarrararlo lo ire a matarlo.
Hombre mandón,T37_P183,en,Man nimlaaj wákix jol tren chuch.+,Esa vaca grande está corriendo delante de él. (toro grande)
Hombre mandón,T37_P184,oqta,"Troqtaj,+",Lo corre.
Hombre mandón,T37_P185,oqta,i troqtaj kla'.+,Y lo coretea allí.
Hombre mandón,T37_P194,il,"I ril re onli xtor man pwert,+",Y vio él asi abrio la puerta.
Hombre mandón,T37_P201,il,I taq mokom ril taq xye' man wunaq+,Y los mozos solo vieron que se el hombre.
Hombre mandón,T37_P207,il,"I las tres de la tarde xe' taq chij rilik,+",Y a las tres de la tarde se fueron a berlo otra vez.
Hombre mandón,T37_P216,il,"Ri' chaq tril taq rechaq maj xaq muuj tq'ax,+",Cuando ellos vierón ya solo la sombra de el pasa.
Hombre mandón,T37_P228,il,ta' tril taq jwich+,No le miran la cara.
Hombre mandón,T37_P229,il,no ke xaq maq muuj tril taq.+,No que solo la sombra miran.
Hombre mandón,T37_P233,ta',"I tijta'tqa' ri' jtzijb'el,+","Y escuchan que es su hablado,"
Hombre mandón,T37_P234,il,"per ta' ta' tril taq,",Pero no no lo miran.
Hombre mandón,T37_P237,il,xaq tril li k'echelaaj tich'ejej.+,Solo ve que en la montaña grita.
Hombre mandón,T37_P242,il,"I xpetaq ta' ril rolb'ej taq naad wi',+","Y vinieron no lo vieron, Y lo esperarón y no hay nada."
Hombre mandón,T37_P251,te',Pen ne' tqate' na'li li naj tren tokik man wákix li.+,"Derepente lo encontramos otra vez, derepente se lleva muchos días en buscar esa vaca."
Hombre mandón,T37_P251,en,Pen ne' tqate' na'li li naj tren tokik man wákix li.+,"Derepente lo encontramos otra vez, derepente se lleva muchos días en buscar esa vaca."
Hombre mandón,T37_P273,en,"Jol tren laq chee' chi rij man wákix,+",Corriendo esta en tre los arboles detras esa vaca.
Hombre mandón,T37_P281,oqta,"étzeli'n man wákix man, man troqtaj.+","Es del demonio esa vaca, esa vaca que estava corriendo."
Hombre mandón,T37_P285,eqa,"I kond xe' li k'ichelaaj reqaj b'ik tzik' wunaq,+",Y cuando se fue en la montaña cargo al pobre hombre.
Hombre mandón,T37_P288,ye',tijye' taq chik maq wákix kli.+,Ya cuando van a dejar esas vacas allí.
Hombre mandón,T37_P290,tok,"T'ijtoke' taq,+",Lo van abuscar.
Hombre mandón,T37_P297,il,"tril taq jnach wi',+",Solo miran su sombra que esta.
Hombre mandón,T37_P300,il,Per ta' tril taq.+,Pero no miran nada.
Hombre mandón,T37_P301,en,I onli tren+,Y asi lo hace.
Hombre mandón,T37_P302,en,i onli tren sol chaq tzaqow ch'ol.+,Y solo asi hace espanta.
Hombre mandón,T37_P304,il,"b'a ri nunk chik xta' ril taq chik jwich man patron,+",Ya nunca encontraron o vieron la cara del patron.
Hombre mandón,T37_P308,b'an,Pores t'ij taq kristyan ke... loke tiyolow taq neen pee jb'anik q'iij.+,"Por eso dicen las personas, que loque cuentan como es el dia."
Hombre mandón,T37_P310,b'ij,wi' bes ri'j taq kristyan tijb'ij re jun.+,Hay beces que las personas ancianos le dicen a uno.
Hombre mandón,T37_P315,en,wi' bes jun loke tren pee laj no'j.+,"Hay veces loque uno hace, lo uqe viene en su pensamiento."
Hombre mandón,T37_P316,en,Loke tren+,Lo que hace.
Hombre mandón,T37_P319,taq,Jnon k'u xen re neesiy jtaqik taq kristyan.+,Asi hizo él necio para mandar las personas.
Hombre mandón,T37_P321,b'ij,"Kom re tijb'ij ke re wunaqi'n,+",Como él dice que él es hombre.
Hombre mandón,T37_P322,en,ke re ta' tren respetar enkesey kureexm.+,Que él no respeta aunque sea cuaresma. (semana santa)
Hombre mandón,T37_P323,b'an,O neen jb'anik re ta' t'ok iil+,O como que a él no le inporta.
Hombre mandón,T37_P351,aj,Naa raj tib'ek.+,Nada quiere ir se.
Hombre mandón,T37_P361,en,"Chaak tren ta' qlen naa,+","Trabajo estaba haciendo, no cosas nada."
Hombre mandón,T37_P363,il,alas diyes chaq tril.+,"Eran las diez, cuando vió."
Hombre mandón,T37_P366,il,"Ri' chaq ril e... jun nimlaaj kumetz,+",Derepente vio a una gran culebra.
Hombre mandón,T37_P379,en,"Ta' chk'i tren animar t'ijmech' raj chiim,+","Ya no se animaba de ir a traer su matate, o morral."
Hombre mandón,T37_P379,me,"Ta' chk'i tren animar t'ijmech' raj chiim,+","Ya no se animaba de ir a traer su matate, o morral."
Hombre mandón,T37_P397,aj,Wen kom ta' chawaj tata loke jun tijb'ij chawe+,Bueno como no quieres escuchar loque uno te dice.
Hombre mandón,T37_P397,b'ij,Wen kom ta' chawaj tata loke jun tijb'ij chawe+,Bueno como no quieres escuchar loque uno te dice.
Hombre mandón,T37_P417,aj,Jwi'l kapchudil ta' raj xe' rk'i tzik' rxóqil+,Por ser caprichudo no se quizo ir con su esposa.
Hombre mandón,T37_P418,il,"rilik jun kitz nim q'iij,+",A ver un poco la fiesta.
Hombre mandón,T37_P429,ta',Aber ka'n o neen tijta' jun o jun golpe.+,Haber animales o que encuentra uno o un golpe.
Hombre mandón,T37_P430,te',"Aber neen tijte' jun,+",Haber que encuentra uno.
Hombre mandón,T37_P438,ye',t'ijye' taqch welt jili....+,Dan vuelta allá.
Hombre mandón,T37_P441,ye',"Tijye' taqch welt re San Isidr,+",Le dan vuelta a San Isidro. (proseción)
Hombre mandón,T37_P448,tij,Toons wi' bes jo'ch' tijtij taq.+,Entonces hay veces atol toman.
Hombre mandón,T37_P453,ta',I wi' bes li prosesyon tijta' taqch jab'.+,Y hay veces en la proseción estan cuando encuentran la lluvia.
Pedro-Malo,T36_P8,k'am,"Xpet ke juntir kristyan tijk'am. taq b'i... ra jneb'i re,+",Vinieron que todas las personas llevaron su como se llama a él.
Pedro-Malo,T36_P19,k'am,tijk'am b'ik.+,Se la llevo.
Pedro-Malo,T36_P20,b'ij,I kom tijb'ij taq ke San Isidr+,Y como le dicen a San Isidro.
Pedro-Malo,T36_P25,koj,"re ta' tijkoj neb'ire',+",Él no cree como se llama...
Pedro-Malo,T36_P27,b'ala,si awas tijb'alaj wákix ra la jaa+,Si es pecado meter vacas a la iglesia.
Pedro-Malo,T36_P29,koj,"re xokb'ik dyunabes li, li konto wákix tijkoj b'ik la jchótix.+",Él metio de una vez con todo las vacas en la iglesia.
Pedro-Malo,T36_P31,koj,"ke nen mod takoj wákix neri,+",Por que entras los bueyes aquí.
Pedro-Malo,T36_P35,kooj,ruk' niri takoojch niri ta' las tijye' re kristyan.+,"Y aquí lo entras, aquí no hay donde colocar a la gente."
Pedro-Malo,T36_P35,ye',ruk' niri takoojch niri ta' las tijye' re kristyan.+,"Y aquí lo entras, aquí no hay donde colocar a la gente."
Pedro-Malo,T36_P39,b'ij,ya neejb'ij re ya iin+,Ya como se llama... él ya yo.
Pedro-Malo,T36_P49,aj,alajwersa raj tijkoj laj chótix,A la fuerza quería meterlo a la iglesia.
Pedro-Malo,T36_P49,koj,alajwersa raj tijkoj laj chótix,A la fuerza quería meterlo a la iglesia.
Pedro-Malo,T36_P62,an,"I re, kirtyani'n, kita' tran respetar.+",Y él es persona no respeta.
Pedro-Malo,T36_P66,ye',xkaaj ye' taq man karet.+,Dejarón la carreta.
Pedro-Malo,T36_P72,il,nen mod ril kwand tawuqtaaj+,En que modo lo vio cuando lo coretiabas.
Pedro-Malo,T36_P92,b'ij,por es tijb'ij kirtyan ke kwand wi' jun alg+,Por eso dice la gente que cuando hay un algo.
Pedro-Malo,T36_P101,eqe,"Dyunabes xkaan reqe tzaqow ch'ol laq b'e,+",De una vez se volvió espanto en los caminos.
Pedro-Malo,T36_P103,ta',Derepent qe tijta' jun+,De repente lo ecuentra uno.
Pedro-Malo,T36_P122,b'ala,Sin lastima tijb'alaj wákix li miix+,Sin lastima mete su vaca en la misa.
Pedro-Malo,T36_P126,b'ij,ri k'uli tijb'ij taq+,Eso es lo que dicen.
Pedro-Malo,T36_P139,b'ij,"Kom tijb'ij ke, étzel bendesid jwi'l.+",Como dicen que él mal lo bendijo.
Pedro-Malo,T36_P140,-koj,tonses medyabes kita' tijkoj dyoos.+,Entonces mediaves que no cree en Dios.
Pedro-Malo,T36_P142,k'is,"I lon qe li, tijk'isb'ej sik' jbid.+",Y solo asi terminara su vida él pobre.
Pedro-Malo,T36_P147,en,"ta' chiki' jcholajl tren jun,+",Ya no hay manera que hace uno.
Ocupaciones,T68_P3,b'an,I kwando oj b'itk ri' tqamaaj jb'anik qames+,Y cuando nos levantamos es empezar a barrer.
Ocupaciones,T68_P14,lej,tqamaaj jlejik qawa.+,Empezamos a tortear nuestras tortillas.
Ocupaciones,T68_P17,tij,tijtij desayun+,Come su desayuno.
Ocupaciones,T68_P24,b'an,"despwes qamaj chik jb'anik qames chik juntir chik,+",Despues comenzamos otra vez a barrer otra vez todo.
Ocupaciones,T68_P35,xek'ik,ojok chijxekik qapoop.+,Empezamos a formar nuestro petate.
Ocupaciones,T68_P44,pach'u,qamaj chik jpach'uj chik.+,Comenzamos otra vez a trenzarlo otra vez.
Ocupaciones,T68_P51,ch'aj,"i ojok chik chijch'ajik jun kitz qatzi chik,+",Y empezamos otra vez a lavar un poco de nixtamal otra vez.
Ocupaciones,T68_P52,chaq,ojok chijchaqik chuch kaa'+,Empezamos a quebrantarlo en la piedra de moler.
Ocupaciones,T68_P64,b'an,"oj ok chijb'anik jun kitz qapoop chik juntir chik,+",Nosotros empezamos hacer un poco de nuestro petate otra vez todo otra vez.
Ocupaciones,T68_P68,chaq,"re ojok chik chij chaqik chik qatzi chik juntir chik,+",Y empezamos otra vez a quebrantar nuestro nixtamal otra vez todo otra vez.
Ocupaciones,T68_P77,lej,"ojok chik chij lejik waa chik juntir chik,+",Empezamos otra vez a tortear nuestra tortilla otra vez todo otra vez.
Ocupaciones,T68_P86,en,"k'iy jwich rupiis jun tren,+",Es mucho el oficio de uno lo que hace.
Ocupaciones,T68_P87,en,k'iy juwich rupiis jun tren.+,es mucho y diferentes oficios hace uno.
Ocupaciones,T68_P88,ilb'e,"Pyor wi' k'iy ék'el k'exi'n rilb'ejkaq,+",Peor hay muchos niños cuesta cuidarlos.
Ocupaciones,T68_P89,ilb'e,k'ex rilb'ejkaq+,Cuesta cuidarlos.
Ocupaciones,T68_P90,b'en,"i non li, ri' li tqab'en q'iij+","Y asi es, eso es loque hacemos todo los diías."
Ocupaciones,T68_P141,taq,"jnon li inijtaq b'ik,+",Asi es me mandan.
Ocupaciones,T68_P142,en,"tren kíxlinwa re,+",Hace pan ella.
Ocupaciones,T68_P143,k'aya,atb'e chij k'ayajk.+,Te vas a vender.
Ocupaciones,T68_P144,en,Tren chuchitos+,Hace chuchitos.
Ocupaciones,T68_P145,k'aya,"o tamales atb'e chij k'ayaj,+",O tamales te vas a venderlos.
Ocupaciones,T68_P182,b'an,juntir loke neen tijmaj jb'anik jun tamal.+,Todo loque lleva hacer un tamal.
Ocupaciones,T68_P197,ilb'e,"Porke ri' rilb'ej rechaq chik ta' chiki' tkuwin jun,+","Porque es por el mantenimiento de ellos, por eso ya no podemos."
Ocupaciones,T68_P204,b'an,¿nejb'anik rchoch+?,Como esta su casa.
Ocupaciones,T68_P205,b'an,¿neen jb'anik patron San Isidr+?,Como esta el patrono San Isidro.
Ocupaciones,T68_P216,aj,"i xiij chwe ke, tz'et re ke raj tik'uli',+",Y me dijo a mi que es cierto él se quiere casarce.
Ocupaciones,T68_P250,k'is,jb'ij ya tijk'is dose años ya re disyembre+,Su nombre ya termina doce años ya en diciembre.
Ocupaciones,T68_P261,k'is,ya tijk'is sinko+,Ya esta por terminar cinco.
Ocupaciones,T68_P262,maj,tijmaj seys añ.+,Comienza los seis años.
Ocupaciones,T68_P266,en,ya tren kumplir tres añ tambyen.+,Ya va a cumplir sus tres años también.
Ocupaciones,T68_P307,tij,"kwand t'ok taq de primer ta' chiki' mas k'ex tijtij taq,+",Cuando entran a primero ya no le va costar.
Ocupaciones,T68_P323,aj,ri' raj tqaye' restudy qik'lal+,Por eso quiere que les demos estudios a nuestros hijos.
Ocupaciones,T68_P329,ye',"u... qaqaaj Dyoos ta' naj qaswerte tijye' chi qe oj kam yaya,+","Nuestro padre Dios si no es mucho nuestra suerte que nos da, nos morimos luego."
Ocupaciones,T68_P330,tij,rechaq tijtij taq k'ex+,Ellos sufren.
Ocupaciones,T68_P338,en,"Enkamby li medy ke retamaqi' tren taq estudyar,+",Encambio eso medio saben estudiar.
Ocupaciones,T68_P340,ch'ek,"non li wi' mod tijch'ek raj pwaqaq,+",Asi se puede ganar su dinero.
Ocupaciones,T68_P346,ch'ek,"chij ch'ekik,+",Para ganarlo.
Ocupaciones,T68_P353,b'an,i jb'anik nmotx... komo xinyol mir+,Y hacer como les conte hace un momento.
Ocupaciones,T68_P358,en,ya jun ék'el retami' tren leer+,Ya un niño sabe leer.
Ocupaciones,T68_P361,ch'ek,pake jnon li ta' k'ex jch'ekik jpuwaq.+,Para que asi no les cuesta ganar sus dineros.
Ocupaciones,T68_P362,tij,"Ta', tijtij neen mod tqatij oj lajori,+",No queremos que sufran ellos como estamos sufriendo nosotros ahora.
Ocupaciones,T68_P370,ye',tchakun per ta' tikwin tijye' juntir.+,Trabaja pero no puede dar de todo.
Ocupaciones,T68_P371,b'ij,"Ya or komoo tijb'ij taq ójor taq kristyan,+",Ya ahora como decen la gente de antes.
Ocupaciones,T68_P376,b'an,u... atkwin taq chij b'anik b'o'j+,O aprendan hacer ollas.
Ocupaciones,T68_P377,b'an,u... atkwin taq chij b'anik xoot+,O pueden hacer comales.
Ocupaciones,T68_P385,suj,u... tyuq jsuje' qelen+,Vienen a ofrecer cosas.
Ocupaciones,T68_P403,ye',bwen pixab' tijye' taq pwes+,buenos consejos nos dan pues
Ocupaciones,T68_P457,loq',"jloq'e' re jun pake ra lék'el kita' tijkuy taq k'ex,+","que compre el de uno para que el niño no sufra,"
Ocupaciones,T68_P457,kuy,"jloq'e' re jun pake ra lék'el kita' tijkuy taq k'ex,+","que compre el de uno para que el niño no sufra,"
Ocupaciones,T68_P502,k'am,wi' nij xaar tijk'am taq kijab'+,hay unos jarros que llevan los cuatro
Ocupaciones,T68_P505,k'am,tijk'am b'ik+,"lo lleva,"
Ocupaciones,T68_P529,ye',"xkan jye' taq li na,+","lo habian dejado,"
Ocupaciones,T68_P532,ye',xkan jye' taq li na+,lo habian dejado
Niña-huérfana,T63_P6,il,I xpe jmaam ril ra lék'el.+,Y vino su abuelo cuido al niño.
Niña-huérfana,T63_P9,b'iij,"Wi' jun wunaq jb'ij Sergiyo,+",Habia un hombre llamado sergio.
Niña-huérfana,T63_P17,il,"Ril man k'ojol wunaq,+",Vio ese joven.
Niña-huérfana,T63_P19,b'ochi,Xkwin chij b'ochij ra anm+,Pudo enamorar a la mujer joven.
Niña-huérfana,T63_P35,sek',I xpe maj chuuch tijsek' ra anm.+,Y vino la mamá y pega a la mujercita.
Niña-huérfana,T63_P38,sek',Angelika tijsek' ra anm.+,Angelica le pega a la mujercita.
Niña-huérfana,T63_P41,koj,Tok chij kojik tzij re man rk'lal.+,Empieza a decirle cosas a su hijo.
Niña-huérfana,T63_P43,sek',t'ok chij sek'ik' ra anm.+,Y empieza a pegar a la mujercita.
Niña-huérfana,T63_P49,il,"kond xril maj chuuch,+",Cuando vio esa su mamá.
Niña-huérfana,T63_P52,sek',xok chij sek'ik ra anm.+,Empezó a pegarle a la mujercita.
Niña-huérfana,T63_P75,tok,"Xok chij tokik maq uu xilj man xoq'o'l,+",Empezó a buscar el collar dentro del lodazal. (las perlas)
Niña-huérfana,T63_P76,es,jor t'oq' ra anm x... tresaaj.+,Como llorava la mujercita sacaba.
Niña-huérfana,T63_P77,tok,Tok xij tokik man xoq'o... man uu li xoq'o'l.+,Empieza a buscar ese collar en el lodo.
Niña-huérfana,T63_P81,chuku,"Nej chukuj wat uk'il niri,+",Y por que estas aquí conmigo.
Niña-huérfana,T63_P84,iil,"Riil,+",Vió.
Niña-huérfana,T63_P86,tok',"Xe' xijtoke' jchaak,+",Se fue a buscr su trabajo.
Niña-huérfana,T63_P87,tok,xijtoke' jchaak.+,Se fue a buscar su trabajo.
Niña-huérfana,T63_P100,cha,ri' jcha... ri' ranab' man jqaaj.+,Con su tia hermana de su papá.
Niña-huérfana,T63_P105,ch'aj,i tach'aj qelen+,Y lavas las cosas.
Niña-huérfana,T63_P157,en,chaq tren estudyar ra anm juntir.+,Ya esta estudiando la mujercita todo.
Niña-huérfana,T63_P218,il,"Kow chaq tril jwich,+",Duro se le queda viendo. (ver fijamente)
Niña-huérfana,T63_P219,il,"kow chaq tril jwich,+",Duro se le quedo viendo su cara.
Niña-huérfana,T63_P220,il,juntir tril jwich nemo rilik.+,Todo vio su rosto como se parese.
Niña-huérfana,T63_P220,il,juntir tril jwich nemo rilik.+,Todo vio su rosto como se parese.
Niña-huérfana,T63_P226,tz'ona,Xej tz'onaj jb'ij.+,Le fue apreguntar su nombre.
Niña-huérfana,T63_P240,mutz',"Xok chij mutz'ik jwich chi rij man wunaq,+",Empezo a serar sus ojos detras de ese hombre. (hacer guiños)
Niña-huérfana,T63_P250,e,"A... si, si, si atkuwin chij resaj,+",A si si si puedes sacarla.
Niña-huérfana,T63_P276,jach,"Kla' xkaj jache' juntir ulew,+",Allí dejo entegado todas las tierras.
Niña-huérfana,T63_P280,jach,xkaj jache' juntir qelen.+,Dejo entregado todas las cosas.
Niña-huérfana,T63_P283,ye',xkaj ye' re jrab'in.+,Le dejo a su hija.
Niña-huérfana,T63_P289,te',I xijte' jchaak rk'il man anm.+,Y fue a pedirle trabajo a la mujercita.
Niña-huérfana,T63_P292,te',"Xpe re xijte' jchaak rk'il,+",Vino él le fue a pedir su trabajo con ella.
Niña-huérfana,T63_P309,te',kabal xijte' man Angelika rk'i jun jalaan wunaq.+,Cabal lo fue a encontrar a esa Angelica con otro hombre.
Niña-huérfana,T63_P334,tok,"tatoko' jchaak intaat,+",Le buscas trabajo a mi papá.
Niña-huérfana,T63_P338,i'j,"Ta'i'j re tpet,+",Le dices que se venga.
Niña-huérfana,T63_P345,k'uli',xtaw xij k'ule' maj qaaj.+,Llego y se fue a encotrar a su papá.
Niña-huérfana,T63_P378,aj,B'an pen chawaj tatok juj kwart intaat+,Talvez le puedes buscar un cuarto para mi papá.
Niña-huérfana,T63_P391,ch'ab'e,pok tijch'ab'ej man richjil.+,Cómo habla a su esposo.
Niña-huérfana,T63_P399,b'ij,"xtaw chik xtaw chik, man rixóqil chij jb'ij re.+","Llego otra vez llego otra vez ea su esposa, para decirle a él."
Niña-huérfana,T63_P400,b'ij,"Xij b'ij re,+",Le fue a decirle a él.
Niña-huérfana,T63_P441,tz'ib'a,Richoch chik xe'jtz'ib'aj ni'j wuj chik.+,"Su casa, otra vez fue a escribir unos papeles más."
Niña-huérfana,T63_P473,ch'eb',"tijch'eb'aa jwich,+",La conoce.
Niña-huérfana,T63_P592,il,"ta' tril rechaq,+",No lo miran ellos.
Niña-huérfana,T63_P593,il,ta' tril rechaq+,No lo miran ellos.
Niña-huérfana,T63_P613,e,anaan tresaj man uu li xoq'o'l.+,Tú mamá que saque el collar del lodo.
Niña-huérfana,T63_P623,e,tok t'oq' chresaj man uu li xoq'o'l.+,Buscar llorando para sacar el collar entre el lodo.
Niña-huérfana,T63_P626,e,tresaj man uu li xoq'o'l.+,Para saca el collar en el lodo.
Niña-huérfana,T63_P629,e,"Tons man Angelika tresaj,+",Entonces esa Angelica saca.
Niña-huérfana,T63_P631,e,"Tresaj,+",Lo saca.
Niña-huérfana,T63_P633,e,tresaj man uu chuch kristyan.+,Saca el collar en frente de la gente.
Niña-huérfana,T63_P645,tukxi,Xok chij tukxij man xoq'o'l+,Enpezo a menear el lodo.
Niña-huérfana,T63_P647,e,Xok chij resaj man uu xilj.+,Empezo a sacar el collar a dentro.
Niña-huérfana,T63_P649,tzib'a,xok chij tz'ib'aj xilj nimaq libros+,empezo a escribir dentro de los grandes libros.
Niña-huérfana,T63_P657,en,loke tren kristyan re jalan kristyan.+,Lo que hace una persona a otras personas.
Niña-huérfana,T63_P658,toj,Syempre tijtoj na+,Siempre se paga.
Niña-huérfana,T63_P661,en,loke tren jun kristyan re jun kristyan.+,Loque hace una persona a una otra persona.
Niña-huérfana,T63_P662,toj,Syempr tijtoj na loke tren re.+,Siempre tiene que pagar loque uno hace.
Niña-huérfana,T63_P662,en,Syempr tijtoj na loke tren re.+,Siempre tiene que pagar loque uno hace.
trtex57Usp04.,T57_P43,en,Pwes chaq b'irb'iit ji'non tren ri.+,"Pues ya estava tembloroso, así asía."
trtex57Usp04.,T57_P44,b'ij,Despwes xpe re xijb'ij re man.+,Despues vino él le dijo a ese.
trtex57Usp04.,T57_P51,ye',"Tijye' permiso per lajori atintija'n,+",Si da permiso ahora te voy a comer.
trtex57Usp04.,T57_P57,te',I... xe' taq kabaal xijte' taq man kwa'y.+,Y... se fueron cabal encontraron al caballo.
trtex57Usp04.,T57_P66,esa,xkabaal xij resaj chralaj man ab'aj.+,Cabal me sacó debajo de la piedra.
trtex57Usp04.,T57_P78,-ye',Li naa wuron lamaas inkanjye'.+,Y en donde me deja no hay sacate.
trtex57Usp04.,T57_P83,ilb'e,man wunaq li ta' inrilb'ej naad.+,Ese hombre no me cuida nada.
trtex57Usp04.,T57_P103,esa,"Esk xij resaj chralaj jun ab'aj,+",Esque me sacó debajo de una piedra.
trtex57Usp04.,T57_P106,koj,"Tambyeen ke re, re mas, mas inijkoj li chaak.+",Tambien que el me pone mucho a trabajar.
trtex57Usp04.,T57_P107,tok,I despwes ta' tijtok woroon chwe.+,Y despues no me busca sacate para mi.
trtex57Usp04.,T57_P108,yuq',"I... nii inijyuq' naad,+",Ni me pastorea nada.
trtex57Usp04.,T57_P112,en,"Sol tren k'ex chwee,+",Solo me hace daño.
trtex57Usp04.,T57_P114,tok,"Per naad tijtok insakat,+",Pero nada me busca mi sacate.
trtex57Usp04.,T57_P124,b'ij,"saber neen tijb'ij man imul,+",Saber que dice el conejo.
trtex57Usp04.,T57_P129,te',"kabaal xijte' taq man imul,+",Cabal encontraron al conejo.
trtex57Usp04.,T57_P140,esa,Loke pask xij resaj chijralaj jun ab'aj.+,Lo que pasa es que me sacó debajo de una piedra.
trtex57Usp04.,T57_P146,il,I... xe' taq chiriliik.+,Y se fueron a verlo.
trtex57Usp04.,T57_P149,tij,"ta' xya' permis re tijtij,+",No dió permiso para que se lo comiera.
trtex57Usp04.,T57_P153,il,"Baay xe' taq chirilik,+",Baya se fueron a verlo.
Auxiliatura-Chipaj,T59_P34,chajá,chi jchejejk q'atzij.+,Para cuidar municipalidad.
Auxiliatura-Chipaj,T59_P40,il,"Ril taq niri xqab'it qiib',+",Vieron que aquí nos levantamos.
Auxiliatura-Chipaj,T59_P56,en,Xoj ren oktorisar chi tqa'n ra q'atzij.+,Nos autorizo que hicieramos nuestra municipalidad.
Auxiliatura-Chipaj,T59_P64,koj,Tqakoj ra q'atzij kla'.+,Ponemos es juzgado allí.
Auxiliatura-Chipaj,T59_P70,b'an,"jun ra ch'o'j jb'anik,+",Hay un pletito por eso.
Auxiliatura-Chipaj,T59_P79,en,xoj ren numrar.+,Nos nombraron.
Auxiliatura-Chipaj,T59_P118,loq',"E... toos ya xojkwin chij loq'ik ra qaq'ojoom, qatijooj,+","E entonces ya pudimos comprar nuestra marimba, para aprender."
Auxiliatura-Chipaj,T59_P122,ya',"tijya'tqa' ra qaaw,+",Nos dan nuestra tortilla. (comida)
Auxiliatura-Chipaj,T59_P123,ya',tijya'tqa' juntir.+,Nos dan de todo.
Auxiliatura-Chipaj,T59_P124,ch'ek,"Xaq li tqach'ek,+",Solo eso ganamos.
Auxiliatura-Chipaj,T59_P174,b'an,"nejb'anik aq'ojoomaq,+",Como esta sus marimbas.
Auxiliatura-Chipaj,T59_P190,en,ya kom ta' tren taq kobrar rechaq.+,Ya que como no cobran ellos.
Auxiliatura-Chipaj,T59_P192,en,loke tren taq.+,Loque hacen ellos.
Auxiliatura-Chipaj,T59_P202,en,"Tons jnon li tren taq chi qe,+",Entonces asi es como nos hacen a nosotros.
Auxiliatura-Chipaj,T59_P204,ya',"I... tijya'tqa' jun ra,+",Y nos dan un.
Auxiliatura-Chipaj,T59_P209,en,I baa lajori muk're' ajtren taq+,Y baya ahora saber si lo hacen.
Auxiliatura-Chipaj,T59_P213,koj,i juntir ya tikwin tijkoj taq q'ojoom.+,Y todos ya pueden poner marimbas.
Auxiliatura-Chipaj,T59_P229,en,E... tren k'ex jun q'ojoom+,E se daña una marimba.
Auxiliatura-Chipaj,T59_P260,ch'ab'e,inyuq jch'ab'ej taq.+,Me venían hablar.
Auxiliatura-Chipaj,T59_P265,aj,Kwand rajaq yaq ausiliyar.+,Cuando quieren los auxiliares.
Auxiliatura-Chipaj,T59_P266,me',I ta' rajaq lojori jalan chaq aq'ojoom tijme' taq.+,Y no quieren ahora que sea otra marimba que van a traer.
Auxiliatura-Chipaj,T59_P267,me',"Tijme' taqch ajsanantoñ,+",Se ban a traer a los de San Antonio.
Auxiliatura-Chipaj,T59_P270,en,Wetren taq seguir taweno.+,Si van a seguir esta bien.
Auxiliatura-Chipaj,T59_P272,chup,wetijchup taq+,Si lo apagan. (olvidar)
Auxiliatura-Chipaj,T59_P280,il,mit ril taq yaq profesor.+,Si no ubieran visto los profesores.
Auxiliatura-Chipaj,T59_P290,en,"Tons loke tren konbenir tqesaaj konbit,+",Entonces loque nos comviene que saquemos combite.
Auxiliatura-Chipaj,T59_P293,e,xen taq areglar resaaj kombite.+,Hicieron areglar de sacar comvite.
Auxiliatura-Chipaj,T59_P296,tok,"Ta' chki' la' tijtoke' taq q'ojoom,+",Ya no hay en donde buscan la marimba.
Auxiliatura-Chipaj,T59_P299,b'it,xin kwin chij b'itik uchoch.+,Pude levantar mi casa.
Auxiliatura-Chipaj,T59_P307,en,La jaa uk'il tren taq ensay.+,En mi casa con migo ensayan.
Auxiliatura-Chipaj,T59_P319,il,o' tpeti kristyan chi rilik.+,¡O! vienen gente a verlo.
Auxiliatura-Chipaj,T59_P322,en,"Baay kom ya tchaq ren ayudar,+",Baya como ya nos esta ayudando.
Auxiliatura-Chipaj,T59_P326,m,Usil xijme' taq yaq ajlaq tilmit.+,Poco a poco fueron a traer a los del pueblo.
Auxiliatura-Chipaj,T59_P356,en,"Tons ri' li tren mostrar chuch kistyan,+",Entonces eso es lo que demuestra delante de la gente.
Auxiliatura-Chipaj,T59_P367,me',"Tichaq b'ijme'taqch ajnaaj q'ojoom,+",Ya van a traer a los de marimba de lejos.
Auxiliatura-Chipaj,T59_P372,ye',Niri lojori kepen yaq frofesor kow chaq tijye' rib'aq juntir.+,"Aquí ahora que pena, los profesores se sienten muy fuertes se creen mucho."
Auxiliatura-Chipaj,T59_P381,il,Lojori bonit chaq rilik aldeya.+,Ahora ya se ve bonito la aldea.
Auxiliatura-Chipaj,T59_P402,il,"wet tziiti xqab'an tril taq,+",Si viera sido bueno loque hicimos miran ellos.
Auxiliatura-Chipaj,T59_P403,na',tijna'tqa' seguir.+,Pueden seguir.
Auxiliatura-Chipaj,T59_P404,il,Solmente si ta' tzii xqa'an tril taq+,Solamente si no hicimos bien miran.
Auxiliatura-Chipaj,T59_P405,chupa',tijchupa'tqa' li.+,I lo apagarán.
Auxiliatura-Chipaj,T59_P414,il,Tichaq pee ajchinaaj chi rilik.+,Ya vienen gentes de lejos a ver.
Auxiliatura-Chipaj,T59_P418,b'an,"Ra jb'anik ayoos tijb'ij qabesiin aj Pinaal chi qe,+","Asic omo esta hecho, hay Dios nos dicen nuestros vecinos del Pinal."
Auxiliatura-Chipaj,T59_P418,b'ij,"Ra jb'anik ayoos tijb'ij qabesiin aj Pinaal chi qe,+","Asic omo esta hecho, hay Dios nos dicen nuestros vecinos del Pinal."
Auxiliatura-Chipaj,T59_P451,il,ya rila'tqa'n wee tzii xqa'an ril taq.+,Ya vieron si hicimos bien ante ellos.
Auxiliatura-Chipaj,T59_P451,il,ya rila'tqa'n wee tzii xqa'an ril taq.+,Ya vieron si hicimos bien ante ellos.
Auxiliatura-Chipaj,T59_P452,na',"Tirna'tqa' seguir li, ta', ta', ta' tijchup taq,+","Lo tienen que seguir haciendo, no no no lo van a pagar, o no lo desaparesen."
Auxiliatura-Chipaj,T59_P452,chup,"Tirna'tqa' seguir li, ta', ta', ta' tijchup taq,+","Lo tienen que seguir haciendo, no no no lo van a pagar, o no lo desaparesen."
Auxiliatura-Chipaj,T59_P454,en,"De loke tren taq tijb'i taq jwich,+","De loque hacen levantar el animo, o su cara."
Auxiliatura-Chipaj,T59_P455,il,oor mikita' tzii xqab'an re tril taq.+,Ahora si no fue bueno lo que hicimos miran ellos.
Auxiliatura-Chipaj,T59_P456,chupa',"Tika' jchupa'tqa' re',+",Lo tendrán que desapareser.
Auxiliatura-Chipaj,T59_P461,yol,chuk' tijyol taq mir pwes qatija' jun ra qatrag.+,Asi como contaban hace un momento pues tomamos un nuestro trago.
[no title given],T22_P19,il,pur riliik b'ik sib'ooy.+,Se ve como si fuera cebolla.
[no title given],T22_P21,koj,re xkan jkoje' taq jb'iij+,Le dejaron puesto el nombre.
[no title given],T22_P32,tij,i ri' li tijtij qawinaaq+,Y eso es lo que come nuestra gente (toma nuestra gente)
[no title given],T22_P34,b'ij,Rik'u li tijb'iij taq+,Eso es lo que decían.
[no title given],T22_P41,il,"seb'laj qus riliik,+",Tan bonito se ve.
[no title given],T22_P94,b'itiik,"Ri' k'uli jb'itiik jtziij,+",De esa manera se levanta el idioma.
[no title given],T22_P96,b'ij,xkan jb'ij taq chqe.+,Nos lo dejarón dicho.
[no title given],T22_P98,an,"seb'laj taq qus laj taq tiko'n tran,+",Buenas siembras hace.
[no title given],T22_P99,an,"ya chaq ran galaan taq kinaq',+",Ya hace buen frijol.
[no title given],T22_P100,esa,tresaj qawinaaq+,Sacan nuestra gente (cosecha nuestra gente)
[no title given],T22_P102,esa,"tresaj taq,+",Sacan ellos.
[no title given],T22_P113,tiik,ya chaq tijtiik taq kapee.+,Ya siembran café.
[no title given],T22_P114,tik,"Tijtik taq ab'iix,+",Siembran milpa.
[no title given],T22_P115,tik,tijtik taq kinaq'+,Siembran frijol.
[no title given],T22_P116,tik,"tijtik taq pix,+",Siembran tomate.
[no title given],T22_P117,tik,jnojeel tiko'n tijtik taq qawinaaq.+,Toda clase de siembra siembran nuestra gente.
[no title given],T22_P118,il,rik'uli seb'laj qus riliik.+,Y eso es lo que se ve muy bonito.
[no title given],T22_P120,tik,"tijtik taq wákx,+","Siembran vacas, (tiene crianza de vacas.)"
[no title given],T22_P121,tik,"tijtik taq kwa'y,+","Siembran caballos, (tienen crianza de caballos)"
[no title given],T22_P125,il,"seb'laj siq'iil riliik,+",Se ve muy bonito.
[no title given],T22_P132,en,"lajori sol chaq tiko'n tren taq,+",Ahora solo siembra hacen.
[no title given],T22_P141,il,"lajori ya seb'laj siq'iil chaq riliik,+",Ahora ya se ve muy bonito.
[no title given],T22_P149,en,"tren taq qawinaaq,+",Hacen nuestra gente.
[no title given],T22_P152,esa,"tresaj taq r-e k'aay,+",Sacan de venta.
[no title given],T22_P157,tik,Ri k'uli xkan jtike' taq+,Eso fue lo que dejaron sembrado.
[no title given],T22_P166,tik,xkan jtike' taq+,Dejaron sembrado.
[no title given],T22_P171,b'iij,re re ixnakat tijb'iij qaqaaj qachuuch+,La cebollita que dicen nuestros padres.
[no title given],T22_P174,tij,"tijtija' taq tra woron,+",Comen esos montecitos.
[no title given],T22_P179,tij,tiqamaam qatiit' tijtija'teqa'n.+,Nuestros abuelos lo comían.
[no title given],T22_P185,loq',ta' tijloq' taq sib'ooy.+,No compravan cebolla.
[no title given],T22_P187,en,ri' li tren taq qamaam qatiit'.+,Eso era lo que hacían nuestros abuelos.
[no title given],T22_P191,yuq',tijyuq'aj taq+,Los pastoreavan.
[no title given],T22_P192,il,"seb'laj siq'iil riliik,+",Como se ve de bonito.
[no title given],T22_P201,ye',jamali' lamaas tijye' taq+,Desocupado donde lo ponían (lugares desocupados sin siembra)
[no title given],T22_P207,tik,"Ta' chiki' tijtik ek',+","Ya no siembran pollos, (ya no crían gallinas o pollos)"
[no title given],T22_P210,aj,"lajori raj qawinaaq,+",Ahora quiere nuestra gente.
[no title given],T22_P211,aj,"rajaq tijtij taq ti'niik,+",Quieren comer carne.
[no title given],T22_P211,tij,"rajaq tijtij taq ti'niik,+",Quieren comer carne.
[no title given],T22_P220,ya',"re li seb'laj tijya' pwaaq,+",Eso da mucho dinero.
[no title given],T22_P229,tik,Tijtik taq ri tiko'n lil,Siembran esa clase de siembra.
[no title given],T22_P249,yuq',"tijin chi jyuq'iik tra jkirneer,+",Estava pastoreando sus ovejitas.
[no title given],T22_P251,alq'aj,"ralq'aj taq,+",Se la rovaron.
[no title given],T22_P254,alq'á,"ralq'aj taq b'ik,+",Se la rovaron.
[no title given],T22_P256,b'iij,"xe' jb'iij re richijil,+",Se fue a decirle a su esposo.
[no title given],T22_P258,maj,ta' chiki' xkwiin taq chij majiik.+,Ya no lo pudieron quitar. (ya no lo pudieron recuperar)
[no title given],T22_P261,tok,xi'jtoke' taq+,Fueron a buscar.
[no title given],T22_P270,k'am,"xe' taq chij k'amiik sii',+",Se fueron a traer leña.
[no title given],T22_P272,k'am,"kwand wi' taq chij k'amiik sii',+","Cuando estavan trallendo leña, (estavan haciendo leña)"
[no title given],T22_P277,maj,ta' chi' xkwiin chij majiik sik' rixoqil.+,Ya no pudo arrebatar a su pobre mujer.
[no title given],T22_P278,b'ij,Xijb'ij re ni'j kristyaan chik.+,Se fue a abisar a otras personas.
[no title given],T22_P279,tok,"Xe' taq chi jtokiik laq k'iche'laaj,+",Se fueron a buscar en las montañas.
[no title given],T22_P281,tok,"Xok taq chij tokiik,+","Entraron a buscarla, ( comenzaron a buscarla)"
[no title given],T22_P282,tok,"xjama' jq'iijaq chij tokiik sik' anm,+",Separaron su día para buscar a la señora.
[no title given],T22_P291,te',"ri chaq kabaal xi'jte' taq anm,+","En ese momento, cabal fueron a encontrar a la señora."
[no title given],T22_P302,ye',xijye taq+,La fueron a dejar.
[no title given],T22_P317,tij,lo ke tijtij maq k'ooy.+,Lo que comen los micos.
[no title given],T22_P318,ya',Ri tijya' taq chweyin+,Eso me davan a mi.
[no title given],T22_P320,yol,"troq'b'ej riib' chi jyoliik,+","Llorava al contarlo, (llorava cuando relatava lo sucedido)"
[no title given],T22_P332,ye',"kanel xkan jye' kiib' tra rik'laal,+",Se dejo a sus dos hijitos.
[no title given],T22_P335,ye',"antos kla' li xkaj xkaj ye' tra ák'l,+",Entoces de alli dejó a sus hijitos.
[no title given],T22_P337,ye',"Xkan jye' kiib' traa rik'laal sik' anm,+",Dejó dos hijos la pobre señora.
[no title given],T22_P338,ye',xkan jye'+,Los dejó.
[no title given],T22_P341,ye',"Jii' qe noon li xkan xkan jye' tral ák'l,+",Solo de esa manera dejo a sus hijitos.
[no title given],T22_P344,yol,"Xook chijyoliik li,+",Empesó a contarlo.
[no title given],T22_P365,k'is,"ta' jk'isiik loq'laj k'iche'laaj,+",Es interminable la santa montaña.
[no title given],T22_P390,'an,jun seb'laj tiko'n tran.+,Hace una muy buena siembra.(se da buena siembra)
[no title given],T22_P391,'an,"Galan taq ichaj tran,+",Buena hierbas hace.
[no title given],T22_P392,il,seb'laj qus riliik ichaaj+,Muy bonito se ve la hierba.
[no title given],T22_P395,tiik,"tijtiik taq,+",Siembran ellos.
[no title given],T22_P398,il,"seb'laj qus riliik,+",Muy bonito se ve.
[no title given],T22_P404,tik,"tra jtiko'naq,+",Sus siembritas.
[no title given],T22_P405,tik,"lo ke tijtik taq,+",Loque ellos siembran.
[no title given],T22_P406,tij,ta chi tij tij taq k'ex+,Ya no comen SUFrimienteo (ya no SUFren ellos)
[no title given],T22_P407,k'aye,chi jk'ayéjk.+,Para venderlo.
[no title given],T22_P409,k'am,chij chi jk'amiik'+,Para traerlo.
[no title given],T22_P411,tik,lo ke tijtik taq kla'.+,Lo que ellos siembran alla.
[no title given],T22_P426,ik'aa,"seb'laj qus trik'aaj taq re wákix,+",Cómo les gusta a las vaquitas.
[no title given],T22_P428,tij,kom wi' nen tijtij taq.+,Como tienen que comer.
[no title given],T22_P449,tikiik,"chij tikiik seb'laj awaj,+",De sembrar muchos animales.
[no title given],T22_P458,tij,"ta tijtij taq k'ex,+",No SUFren.
[no title given],T22_P465,tij,kita' tijtij taq k'ex+,"No comen dolor, (no SUFren)"
[no title given],T22_P468,an,Ween seb'laj galaan taq tiko'n tran+,buenas buenas siembras hace.
[no title given],T22_P481,tik,jwi'l qe trajtiko'naq+,Solo por sus siembritas.
[no title given],T22_P502,an,"kwand tran sáj,+",Cuando hace verano.
[no title given],T22_P510,ik'aa,trik'aaj loq'laj k'iche'laaj.+,Siente la santa montaña.
[no title given],T22_P517,ik'aj,seb'laj tirik'ajtaqa kwand tipe jab'.+,Cómo siente cuando viene la lluvia.
[no title given],T22_P518,il,Iv.¿I nenk'u rilik ra jun k'ooy+,¿Como se ve un miquito? (cuasl es la diferencia entre un mico y un saraguate)
[no title given],T22_P526,il,"per riliikaq yamer nik',+",Pero se ve como que son iguales.
[no title given],T22_P541,koj,tijt'oja'teqa ab'aj+,Lanzan piedras.
[no title given],T22_P543,koj,tijkojateqa chee'.+,Usan palos. (pegan con palos)
[no title given],T22_P545,tuq,"k'a'nteqa'n tijtuqa' rib'aq,+",Son bravos se defienden.
[no title given],T22_P546,ye',ta tijye' rib'aq chi kamiik.+,No sedejan de morir.
[no title given],T22_P551,kol,"Tijkola' rib'aq,+",Se defienden ellos.
[no title given],T22_P552,ye',ta' tijye' rib'aq tib'ansaj k'ex rechaq.+,No se dejan que les hagan daño.
[no title given],T22_P554,pensar,"tra li wi' raj nik' qe rik'i ra jpensaraq,+","Esos tienen, es igual como si tubieran pensamiento."
[no title given],T22_P555,ye',ta' tijye' riib'aq chij b'anik k'ex.+,No se dejan que les hagan daño.
[no title given],T22_P555,b'an,ta' tijye' riib'aq chij b'anik k'ex.+,No se dejan que les hagan daño.
[no title given],T22_P559,an,ta' ta' perjwis tran taq.+,No no hacen perjuicio.
[no title given],T22_P562,an,"qleen tran taq,+","Cosas hacen, (no hacen daño)"
[no title given],T22_P564,ta',"kwand nen tijta' taq,+",Cuando encuentran algo.
[no title given],T22_P565,k'am,tijk'ama'taqa' b'ik.+,Se los llevan.
[no title given],T22_P573,tik,"kond tiqatik ab'iix re sáj,+",Cuando sembrávamos milpa de verano.
[no title given],T22_P576,il,"Seb'laj qus riliik,+",Muy bonito se miraba.
[no title given],T22_P579,il,"Seb'laj qus rilik,+",Muy bonito se miraba.
[no title given],T22_P583,il,seb'laj qus riliik ra b'aatz'.+,Muy bonito se miraba el saraguatillo.
[no title given],T22_P597,il,seb'laj kristyan xputz rib'aq chi ri chi riliik.+,Mucha gente se amontonaron para verlo.
[no title given],T22_P598,il,Seb'laj qus rilik ra ra ka'n.+,Muy bonito ver al animalito.
[no title given],T22_P599,il,Xil rile' taq+,Fueron a verlo.
[no title given],T22_P605,k'am,"Xyu'jk'ame' jun ek',+",Vino a traer a una gallina.
[no title given],T22_P610,oq,kwand xroq xk'am b'i jun ek'.+,Cuando ya se avía llevado a una gallina.
[no title given],T22_P619,ye',tijye kamik r-e+,Le daba la muerte.
[no title given],T22_P646,qej,"jujun chaq tiqejtaqch,+",Ya solo algunos bajan.
[no title given],T22_P651,tik,lamaas tijtik taq ab'iix qawinaaq.+,En donde siembran nuestra gente.
[no title given],T22_P694,k'am,"seb'laj k'ex chaq jk'amiik qasii',+",Ya cuesta mucho traer nuestra leña.
[no title given],T22_P704,tzak,ta' chi' ojkwiin chi jtzakiik kaab'.+,Ya no podemos coser el dulce. (coser panela)
[no title given],T22_P719,tik,"wi' neen pone tijtik taq qawinaaq,+",Pues algunos siembran el poni.
[no title given],T22_P720,k'am,per seb'laj nim laj pwaq tijk'am b'ik.+,Pero lleva mucho dinero.
[no title given],T22_P721,tik,"Ta' chiki' ojkwiin chi jtikiik ooj,+",Ya no podemos sembrarlo nosotros.
[no title given],T22_P724,tik,ri' tos ta' ojkwiin chi jtikiik li+,Entonces no podemos sembrar eso.
[no title given],T22_P741,il,tos lajori ta' chiki' tiqil jwiich ajiij.+,Entonces ahora ya no vemos caña.
[no title given],T22_P749,an,"lajori galaan taq ab'iix tran jali chichiik,+",Ahora buenas milpas se da alla en chi Chico.
[no title given],T22_P752,an,kla' li galaan taq ab'iix tran.+,Alli buenas milpas se hace. (Se da buena milpa)
[no title given],T22_P764,il,"i kla' li seb'laj siq'il riliik,+",Y es donde se ve muy bonito.
[no title given],T22_P769,tik,"tpe taq chi jtikiik,+",Vienen a sembrar.
[no title given],T22_P773,tik,chi jtikiik jali chi chiik.+,A sembrar alla en chi Chico.
[no title given],T22_P776,k'aye,"xkani' jk'ayéjteqa'n,+",Ya lo dejarón vendido.
[no title given],T22_P781,ya',tijya' re qasemiya re q'alaaj.+,Nos da para nuestra semilla de invierno.
[no title given],T22_P786,an,"Ri' li ta' tatran palt chqe,+",Eso es loque no nos hace falta a nosotros.
[no title given],T22_P805,taw,jtawiik qaja' chiqchooch.+,Que a llegado nuestra agua a nuestras casas.
[no title given],T22_P809,k'am,"i seb'laj k'ex tiqatij chi jk'amiik,+",Y SUFríamos mucho para traerlo.
[no title given],T22_P831,b'ela,"Ta' tik'iis xaq naj jb'elájk che qe,+",No se acaba solo que lejos nos queda a nosotros.
[no title given],T22_P839,b'ij,o tiq jb'ij taq?+,O solo es una mentira.
[no title given],T22_P843,k'am,"Ri k'u li xijk'amech' taq qech'elxiik aj le laguniit,+",Eso fue loque fueron a traer los hermanos de la Lagunita.
[no title given],T22_P846,an,"ta' ta' k'ii jaa tran,+",Es para muy pocas casas.
Vida de una jovencita,T23_P12,an,If.Juntiir tran.+,De todo hacÃ­a.
Vida de una jovencita,T23_P31,an,aq'ab' tran b'i jwaa jqaaj+,Temprano le hace la comida de su papÃ¡.
Vida de una jovencita,T23_P39,k'am,i rik'il tijk'amchich jun b'estyaad q'ooq'.+,AdemÃ¡s se traee una bestiada de chilacayote.
Vida de una jovencita,T23_P68,b'an,"E jenon re re peen jb'aniik re jpoop,+",E asi es ella tiene penas para hacer su petate.
Vida de una jovencita,T23_P105,ye',mas xijye' malaa bida re.+,MÃ¡s le fue adarle mala vida a ella.
Vida de una jovencita,T23_P110,an,"ri' chaq re joor tran jk'a'nuul,+",Ya solo ella quiere mandar.
Vida de una jovencita,T23_P122,en,"Mas ch'o'j tren,+",Pelea mucho la nuera.
Vida de una jovencita,T23_P123,b'iij,toses kla' k'u li tijb'iij jchuuch re.+,Entonces allÃ­ es como su mamÃ¡ le dijo a ella.
Vida de una jovencita,T23_P136,ch'aj,"xoki' li re Ã¡nm chijch'ajiik re jtzi,+",EmpezÃ³ la mujercita a lavar su nixtamal.
Vida de una jovencita,T23_P140,chaq,xooki' li chij chaqiik jun kukub' tzee.+,EmpezÃ³ a quebrantar un apaste de nixtamal.
Vida de una jovencita,T23_P148,il,tril tijiin rel Ã¡nm+,Mira que estÃ¡ la mujercita.
Vida de una jovencita,T23_P152,ch'aj,pet xok chij ch'ajiik man jkaa'+,Vino empezÃ³ a lavar la piedra de moler.
Vida de una jovencita,T23_P166,il,ril jchuuch ke mjita' tzi tran.+,Vio su mamÃ¡ que no esta bien lo que hacen.
Vida de una jovencita,T23_P166,an,ril jchuuch ke mjita' tzi tran.+,Vio su mamÃ¡ que no esta bien lo que hacen.
Vida de una jovencita,T23_P177,en,"axib'aal ma kub'ureemta' tijin tren rechaq,+",Tu hermano no esta sentado con tu papÃ¡.
Vida de una jovencita,T23_P195,b'an,"chij b'aniik kab'lujuuj,+",Para hacer el almuerzo.
Vida de una jovencita,T23_P202,il,"bay kwand ril man aleb'xeel jinon li,+",Baya cuando miro la nuera asi es.
Vida de una jovencita,T23_P204,mes,"xook chij mesiik jch'aat,+",EmpezÃ³ a sacudir su cama.
Vida de una jovencita,T23_P206,ye',chij ye'iik jtu' rek'laal.+,Darle de mamar a su hijo.
Vida de una jovencita,T23_P208,b'an,"chi jb'aniik kab'lujuuj,+",Para hacer el almuerzo.
Vida de una jovencita,T23_P209,iil,"antonse kond riil jchuuch mre Ã¡nm jiloon li,+",Entonces cuando vio su mamÃ¡ de la mujercita que asi fue.
Vida de una jovencita,T23_P215,t'o',"xyu jt'o'we' rek'laal che jb'aniik almwers,+",Vino ayudar a sus hijas para hacer el almuerzo.
Vida de una jovencita,T23_P215,b'an,"xyu jt'o'we' rek'laal che jb'aniik almwers,+",Vino ayudar a sus hijas para hacer el almuerzo.
Vida de una jovencita,T23_P227,ye',"xijye' kub'lujuuj,+",Fue adejar el almuerzo.
Vida de una jovencita,T23_P253,ye',ke xaq re ranaab' xtaw chij ye'iik waa.+,Que sola su hermana llego a dejarles comida.
Vida de una jovencita,T23_P257,esÃ¡,xook chej resÃ¡jk+,Empezo a sacar.
Vida de una jovencita,T23_P285,il,Etons jqaaj rila'n+,Entonces su papÃ¡ vio. (el papÃ¡ se dio cuenta)
Vida de una jovencita,T23_P297,an,tran jun b'o'j qa-b'och'b'o'l re qasÃ­neer.+,Que haga una olla de boxboles para nuestra cena.
Vida de una jovencita,T23_P357,ch'oj,"xnÃ¡ b'i jun kiitz jch'ojniik chi ja',+","Hizo un poco de lavado en la orilla del agua, o pozo."
Vida de una jovencita,T23_P380,ne',sab'er jurub' tyu' rene' chwe.+,Saber cuanto me va venir hacer.
Vida de una jovencita,T23_P415,-il,"tril mre Ã¡nm chi mketa' xq'ajch,+",Vio la mujercita que no regreso.
Vida de una jovencita,T23_P419,ye',xijye' chi rchooch.+,Lo fue a dejar en su casa.
Vida de una jovencita,T23_P423,-il,"Ril mre Ã¡nm ke ya xi' q'iij,+",Vio la mujercita que ya era muy tarde.
Vida de una jovencita,T23_P432,taaw,"de es richaq tijtaaw re,+",Derrepente cuando escuchÃ³ ella.
Vida de una jovencita,T23_P446,an,para ke por es jlon li tran.+,"Para que, por eso asi hace."
Vida de una jovencita,T23_P455,aaj,yo kree ke ma rita' Ã¡nm li raaj.+,Yo creo que no es esa la mujer que Ã©l quiere.
Vida de una jovencita,T23_P491,choq'b',xkoj jchÃ³q'b'+,Se apuraron.
Vida de una jovencita,T23_P492,b'an,re jb'aniik man opiis.+,Para hacer su oficios.
Vida de una jovencita,T23_P495,choq'ab',"Xkoj jchoq'b'aq,+",Se apuraron.
Vida de una jovencita,T23_P539,loq',"xook chij loq'iik jun kaaj serbes,+",ComprÃ³ una caja de cerveza.
Vida de una jovencita,T23_P547,raye,"ri' q'apooj Ã¡nmi' tij rayej,+",Es a la seÃ±orita a quien desea.
Vida de una jovencita,T23_P573,aaj,por kom ri' re q'apooj Ã¡nm raaj.+,Pero como Ã©l a la seÃ±orita quiere.
Vida de una jovencita,T23_P582,en,"porke jinon ri tren maq awanaab' chwe,+",Porque asi me hacen tus hermanas.
Vida de una jovencita,T23_P597,il,sub'laaj ta' tzi tril taq.+,No les parese bien.
Vida de una jovencita,T23_P605,tij,Re li mketa' tijtij tz'iil.+,Ella no come suciedad.
Vida de una jovencita,T23_P609,b'an,"Xook chij b'aniik,+",Empezo hacer.
Vida de una jovencita,T23_P621,il,kwand qus tril inqaaj tk'uli' wanab'.+,Cuando no le gustarÃ­a a mi papÃ¡ que se casen mis hermanas.
Vida de una jovencita,T23_P652,k'am,"i nesye ya re rÃ¡nm chaq tijk'amch man rxÃ³qil,+","Y tan necio, ya su corazÃ³n falta para ir atraer a su mujer."
Vida de una jovencita,T23_P654,aj,mkita' chi' raj.+,Ya no queria.
Vida de una jovencita,T23_P656,k'aam,i re nesye tijk'aamch.+,Y Ã©l tan necio para trelo.
Vida de una jovencita,T23_P659,k'am,xkuwini' chij k'amiik man rxÃ³qil.+,Pudo traer a su mujer.
Vida de una jovencita,T23_P680,yol,i ba tijyol ke inwil qe intb'eek.+,Y va de contar que por mi culpa seva.
Vida de una jovencita,T23_P785,an,"Ta' nen tran li,+",No es nada.
Vida de una jovencita,T23_P786,en,"ri we ch'o'j tren taq chwe,+",Si estan peliando con migo.
Vida de una jovencita,T23_P791,an,Ta' nen tran li+,Eso no es nada.
Vida de una jovencita,T23_P812,an,"Nada ta' tran utziil re inrab'iin,+",No le hace el bien a mi hija.
Vida de una jovencita,T23_P831,il,ta' tzii riliik man Ã¡nm.+,No se ve bien esa mujer.
Vida de una jovencita,T23_P832,an,"Ta' tzi tran man Ã¡nm,+",No hace bien esa mujer.
Vida de una jovencita,T23_P844,an,muran k'u seguir jinon li.+,Que no sigua asi.
Vida de una jovencita,T23_P845,an,"Tran taq mas qÃ­jil qatz'Ã¡qt,+",Lo que hacen nuestros semejantes.
Vida de una jovencita,T23_P849,il,"endonde tril maq q'apooj,+",En donde miran las seÃ±oritas.
Vida de una jovencita,T23_P851,il,entonse rile' jcholajlaq+,Entonces que traten de fijarse de la manera.
Vida de una jovencita,T23_P853,il,"Tenril taq jcholajil,+",Tiene que mirar o tratar la manera.
Vida de una jovencita,T23_P855,il,Per ri' mkita' tril jcholajil rik'aan tijtzaq ri'b'aq le k'ex.+,Pero si no se fijan solas ellas se tiran aldolor.
Vida de una jovencita,T23_P855,tzaq,Per ri' mkita' tril jcholajil rik'aan tijtzaq ri'b'aq le k'ex.+,Pero si no se fijan solas ellas se tiran aldolor.
Vida de una jovencita,T23_P856,an,Rik'an tran k'ex re jbidaq.+,Solos aruinan sus vidas.
Vida de una jovencita,T23_P857,an,Tran re jk'aslemalaq.+,Le hacen a sus vidas.
Vida de una jovencita,T23_P863,an,Mran k'u seguir qaqatilmiit+,Que no siga nuestro pueblo.
Vida de una jovencita,T23_P864,an,loke jinon li tran taq.+,Loque asÃ­ hacen.
Vida de una jovencita,T23_P866,il,mkita' tzi riliik.+,No se ve bien.
Vida de una jovencita,T23_P867,an,"Tamb'yen kwand jinon li tran jun kristyaan,+",TambiÃ©n cuando asi hace una persona.
Comentario-violencia,T29_P4,b'it,I ojala ke tab'an taq seguir rchaak ri r-ee chi' jb'itik qano'j.+,"Y ojalá que ustedes hagan lo posible, para seguir este trabajo para levantar nuestros conocimientos."
Comentario-violencia,T29_P66,aj,"Ni sikiyer r-aj chik jwaa jun,+",Ni siquiera le da ambre a uno.
Comentario-violencia,T29_P67,een,ni sikiyer treen chik pensar jtiko'n jun.+,Ni siquiera se recuerda uno de sus siembras.
Comentario-violencia,T29_P68,en,"Ta' chiki' tren pesar jun jtikik ab'iix,+",Ya no piensa uno ni siquiera sembrar su milpa.
Comentario-violencia,T29_P68,tik,"Ta' chiki' tren pesar jun jtikik ab'iix,+",Ya no piensa uno ni siquiera sembrar su milpa.
Comentario-violencia,T29_P69,en,ta' chiki' tren pensar jun+,Uno ya no piensa.
Comentario-violencia,T29_P70,tikik,"ri, ri, ri, ri jtikik jtikon jun.+",La siembra de uno.
Comentario-violencia,T29_P114,yol,"Tijyol taq ke wi' nij tra anm,+",Que cuentan que hay algunas mujeres.
Comentario-violencia,T29_P175,yol,"I tijyol taq chi qe oj tambyeen,+",Y todo lo que cuentan a nosotros tambien.
Comentario-violencia,T29_P211,yol,lo ke neen tijyol.+,Lo que cuentan.
Comentario-violencia,T29_P271,b'it,"oj ti ojkuwin, oj chi jb'itik qayolj.+",Ojalá que pudieramos levantar nuestro idioma.
Comentario-violencia,T29_P297,k'ut,"Chi jk'utik ri' li sub' laj nim laj utziil tb'ensaj r-ee,+",Enseñarlo eso sería un gran veneficio que se le hace.
Comentario-violencia,T29_P322,ye',"Wi' ni'j tijye' taq klas r-ee, r-ee, r-ee, r-ee primera komuyon.+",Claces de primera comunión.
Comentario-violencia,T29_P425,b'it,ri' li ju jb'itb'el qa qayolj.+,Eso sería como la manera de levantar nuestro idioma.
"Loq'-May-B'iyoom, Loq'-May-Meb'a'",T25_P5,en,Pok jwert chaak tren.+,Por que hizo DEMasiados trabajos.
"Loq'-May-B'iyoom, Loq'-May-Meb'a'",T25_P6,esÃ¡,I re ta' chiki' tikwin chij resaj rÃ¡b'ix laq wron.+,"Y el ya no podÃ­a, sacar su milpa del monte."
"Loq'-May-B'iyoom, Loq'-May-Meb'a'",T25_P26,aj,Aat rili chawaj weyin ta' puwaq uk'ilin iini'.+,"Bos eso es lo que queres, pero eso no lo tengo yo."
"Loq'-May-B'iyoom, Loq'-May-Meb'a'",T25_P49,qe,Xek' xi' jqasajch+,Lo fue a bajar.
"Loq'-May-B'iyoom, Loq'-May-Meb'a'",T25_P59,en,"Iinta' qelen trenpalt chuwe,+",A mi no me falda cosas.
"Loq'-May-B'iyoom, Loq'-May-Meb'a'",T25_P65,en,Kom non tren jun kintal ink'as ak'l.+,Como siempre lo he hecho un quintal de deuda con Usteds.
"Loq'-May-B'iyoom, Loq'-May-Meb'a'",T25_P68,b'ij,Ruk'u' tijb'ij wanm iin.+,Y loque dice mi corazÃ³n.
"Loq'-May-B'iyoom, Loq'-May-Meb'a'",T25_P110,b'an,"Tonse pur ra jaa jb'anik,+",Entonces es muy paresido como una casita.
"Loq'-May-B'iyoom, Loq'-May-Meb'a'",T25_P111,il,ril chi pur saq saq ralaj.+,ViÃ³ que era bien limpio debao.
"Loq'-May-B'iyoom, Loq'-May-Meb'a'",T25_P123,ta,"Jicha' chijtaw,+",Derrepente cuando escuchÃ³.
"Loq'-May-B'iyoom, Loq'-May-Meb'a'",T25_P132,il,"Ri' chaq trij... tril,+",Derrepente cuando viÃ³.
"Loq'-May-B'iyoom, Loq'-May-Meb'a'",T25_P158,b'ij,"tayel juwil neen jtzijaq tijb'ij taq,+",Los estava oyendo sus plÃ¡ticas que estavan diciendo.
"Loq'-May-B'iyoom, Loq'-May-Meb'a'",T25_P179,ye',xk'am taq chik jun kuxtar xij ye' taq chik ladentr.+,LlevarÃ³n otro costal lo fuerÃ³n a dejar adentro.
"Loq'-May-B'iyoom, Loq'-May-Meb'a'",T25_P193,wa'x,"xenjuwa'x jkolb'aq,+",ArreglarÃ³n sus lazos.
"Loq'-May-B'iyoom, Loq'-May-Meb'a'",T25_P240,ta,xok chij tayik toq'ob'.+,EmpezÃ³ a pedir favor.
"Loq'-May-B'iyoom, Loq'-May-Meb'a'",T25_P264,esa,I xcha' resajch jun re.+,Y escogiÃ³ se sacÃ³ uno para Ã©l.
"Loq'-May-B'iyoom, Loq'-May-Meb'a'",T25_P266,ye',Tons xuq jye' chi' puwerte.+,Entonces lo vino a dejar en al puerta.
"Loq'-May-B'iyoom, Loq'-May-Meb'a'",T25_P273,il,pur bonit rilik.+,Puro bonito se ve.
"Loq'-May-B'iyoom, Loq'-May-Meb'a'",T25_P289,yol,jtakil tijyol taq qamaam qatiit' Ã³jor.+,Lo que cuentan nuestros abuelos y abuelas antes.
"Loq'-May-B'iyoom, Loq'-May-Meb'a'",T25_P292,b'ij,"I xkan jb'ij re rxÃ³qil,+",Y dejÃ³ dicho a su esposa.
"Loq'-May-B'iyoom, Loq'-May-Meb'a'",T25_P308,il,Wi' kand ril chi resajch xkuni' chi resajch jun kuxtar+,Estava cuando viÃ³ sacÃ³ un costal.
"Loq'-May-B'iyoom, Loq'-May-Meb'a'",T25_P308,esÃ¡,Wi' kand ril chi resajch xkuni' chi resajch jun kuxtar+,Estava cuando viÃ³ sacÃ³ un costal.
"Loq'-May-B'iyoom, Loq'-May-Meb'a'",T25_P308,esÃ¡,Wi' kand ril chi resajch xkuni' chi resajch jun kuxtar+,Estava cuando viÃ³ sacÃ³ un costal.
"Loq'-May-B'iyoom, Loq'-May-Meb'a'",T25_P371,kuxta,"B'aa Diyoos tijkuxtaj taq,+",Y va de encomendarse a dios.
"Loq'-May-B'iyoom, Loq'-May-Meb'a'",T25_P394,wiich,"Xen jwichaq siq taq rka' man kuxtar,+",Se persignaron y besarÃ³n los costales.
"Loq'-May-B'iyoom, Loq'-May-Meb'a'",T25_P398,il,ri' chaq tril taq.+,Cuando vieron.
"Loq'-May-B'iyoom, Loq'-May-Meb'a'",T25_P424,il,"Tons ruk' re' kuwando ril taq,+",Entonces ella cuando viÃ³ a ellos.
"Loq'-May-B'iyoom, Loq'-May-Meb'a'",T25_P431,me,las xijmech' puwaq.+,En donde fue a traer el dinero.
"Loq'-May-B'iyoom, Loq'-May-Meb'a'",T25_P446,il,"Tiyent trila'n nemoo tren taq, juntir.+","Lo mira como hacen todo,"
"Loq'-May-B'iyoom, Loq'-May-Meb'a'",T25_P446,en,"Tiyent trila'n nemoo tren taq, juntir.+","Lo mira como hacen todo,"
"Loq'-May-B'iyoom, Loq'-May-Meb'a'",T25_P464,il,"usil xk'astajch ranm re ril chi yaa tzichaq jb'anik,+",Por fin se aburriÃ³ al ver que ya estava bien.
"Loq'-May-B'iyoom, Loq'-May-Meb'a'",T25_P464,b'an,"usil xk'astajch ranm re ril chi yaa tzichaq jb'anik,+",Por fin se aburriÃ³ al ver que ya estava bien.
"Loq'-May-B'iyoom, Loq'-May-Meb'a'",T25_P467,il,"Tons rilch man kompayr rik xpet,+",Entonces viÃ³ el compadre rico vino.
"Loq'-May-B'iyoom, Loq'-May-Meb'a'",T25_P519,en,"Aruk' re ta' tnooj mas kristal tren,+",Y Ã©l no mucho llena su cristal que Ã©l hace.
"Loq'-May-B'iyoom, Loq'-May-Meb'a'",T25_P521,k'ol,"ta' tnoj mas jk'olb' tren,+",Ãl no llena bien su cristal que hace.
"Loq'-May-B'iyoom, Loq'-May-Meb'a'",T25_P521,en,"ta' tnoj mas jk'olb' tren,+",Ãl no llena bien su cristal que hace.
"Loq'-May-B'iyoom, Loq'-May-Meb'a'",T25_P523,noj,"Ri' jkompayr pobr qes biyeen tijnojsaj,+",Solo para el compadre pobre lo llena bien.
"Loq'-May-B'iyoom, Loq'-May-Meb'a'",T25_P525,kol,"jkolb' kare' tren tijye' re jkompayr pobr, tijpaj.+","La medida de Ã©l que hace, que le da a su compadre pobre."
"Loq'-May-B'iyoom, Loq'-May-Meb'a'",T25_P525,en,"jkolb' kare' tren tijye' re jkompayr pobr, tijpaj.+","La medida de Ã©l que hace, que le da a su compadre pobre."
"Loq'-May-B'iyoom, Loq'-May-Meb'a'",T25_P525,ye',"jkolb' kare' tren tijye' re jkompayr pobr, tijpaj.+","La medida de Ã©l que hace, que le da a su compadre pobre."
"Loq'-May-B'iyoom, Loq'-May-Meb'a'",T25_P539,k'ol,Per ta' tnoj mas jk'olb' tren ree.+,Pero no mucho llena el trasto de Ã©l.
"Loq'-May-B'iyoom, Loq'-May-Meb'a'",T25_P539,en,Per ta' tnoj mas jk'olb' tren ree.+,Pero no mucho llena el trasto de Ã©l.
"Loq'-May-B'iyoom, Loq'-May-Meb'a'",T25_P546,en,"tren ri' raj re tren komo xen,+","Ãl hace quiere hacer, como hizÃ³."
"Loq'-May-B'iyoom, Loq'-May-Meb'a'",T25_P546,en,"tren ri' raj re tren komo xen,+","Ãl hace quiere hacer, como hizÃ³."
"Loq'-May-B'iyoom, Loq'-May-Meb'a'",T25_P555,tij,"ta' tijtij juwert, cha'.+",Ãl no tomava mucho dice.
"Loq'-May-B'iyoom, Loq'-May-Meb'a'",T25_P562,q'ab'er,"I xpe jq'ab'erk rka' kompayr pobr,+",Y se empezÃ³ a emvolarse el compadre pobre.
"Loq'-May-B'iyoom, Loq'-May-Meb'a'",T25_P578,taw,"nemoo xataw nemoo,+",Como fue oyÃ³.
"Loq'-May-B'iyoom, Loq'-May-Meb'a'",T25_P623,b'an,pur ra jaa jb'anik.+,Se ve como sifuera una cacita.
"Loq'-May-B'iyoom, Loq'-May-Meb'a'",T25_P633,ye',kib' maq kwa'y kijab' kuxtar xij ye' taq.+,"Dos eran los caballos, cuatro costales fueron a dejar."
"Loq'-May-B'iyoom, Loq'-May-Meb'a'",T25_P637,tor,neen neen jtzijaq tijtor taq.+,Cual es sus palabras para abrir.
"Loq'-May-B'iyoom, Loq'-May-Meb'a'",T25_P638,tz'ap,"Ab'aj neen jtzijaq tijtzapij taq ab'aj,+","Piedra, cual es la palabra para cerrarla."
"Loq'-May-B'iyoom, Loq'-May-Meb'a'",T25_P663,aj,"Baay xe'k' rajne',+",Baya se fue talvez.
"Loq'-May-B'iyoom, Loq'-May-Meb'a'",T25_P667,ta',"xijt... b'ani tz'eti' xijte' xijte' ab'aj,+","Lo encontro, si cierto encotrÃ³ si encotrÃ³ la piedra."
"Loq'-May-B'iyoom, Loq'-May-Meb'a'",T25_P667,te',"xijt... b'ani tz'eti' xijte' xijte' ab'aj,+","Lo encontro, si cierto encotrÃ³ si encotrÃ³ la piedra."
"Loq'-May-B'iyoom, Loq'-May-Meb'a'",T25_P667,te',"xijt... b'ani tz'eti' xijte' xijte' ab'aj,+","Lo encontro, si cierto encotrÃ³ si encotrÃ³ la piedra."
"Loq'-May-B'iyoom, Loq'-May-Meb'a'",T25_P668,te',"xjte' rka' jaa, ab'aj+",Si fue a encontrar la casa de piedra.
"Loq'-May-B'iyoom, Loq'-May-Meb'a'",T25_P688,tor,"Baay entons xokchik chij torik ab'aj,+",Baya entonces empezÃ³ habrir la piedra.
"Loq'-May-B'iyoom, Loq'-May-Meb'a'",T25_P697,il,Ruk' ree kuwand ril ke xteb'a rib' puwert chuch a'.+,Y entonces cuando vio que se abriÃ³ la puerta delante de Ã©l aa-
"Loq'-May-B'iyoom, Loq'-May-Meb'a'",T25_P704,il,"Ri' chaq tril juwert,+",Cuando viÃ³ un fuerte.
"Loq'-May-B'iyoom, Loq'-May-Meb'a'",T25_P716,cha',"Rka' tijchach jun re rka' qes mas nijsochi na,+",Ãl querÃ­a escoger uno que este mas lleno todavÃ­a.
"Loq'-May-B'iyoom, Loq'-May-Meb'a'",T25_P720,esÃ¡,xen konde... resajch tijb'ij re.+,Lo que hizÃ³ cuando lo sacÃ³ decÃ­a Ã©l.
"Loq'-May-B'iyoom, Loq'-May-Meb'a'",T25_P720,b'ij,xen konde... resajch tijb'ij re.+,Lo que hizÃ³ cuando lo sacÃ³ decÃ­a Ã©l.
"Loq'-May-B'iyoom, Loq'-May-Meb'a'",T25_P721,taw,"Neen chik -i' ta' chiki' tijtaw neen, tijb'ij+",De donde cuando escuhcÃ³ que iva decir.
"Loq'-May-B'iyoom, Loq'-May-Meb'a'",T25_P721,b'ij,"Neen chik -i' ta' chiki' tijtaw neen, tijb'ij+",De donde cuando escuhcÃ³ que iva decir.
"Loq'-May-B'iyoom, Loq'-May-Meb'a'",T25_P722,tor,"sach re neen moo jtorik ab'aj,+",Se le olvidÃ³ como abrir la piedra.
"Loq'-May-B'iyoom, Loq'-May-Meb'a'",T25_P723,tor,en luwar tijtor ab'aj.+,En lugar de abrir la piedra.
"Loq'-May-B'iyoom, Loq'-May-Meb'a'",T25_P724,b'ij,Rka' tijb'ij re ta' chiki' tkun chij torik.+,"Ãl dijo que ya no podÃ­a abrirlo,"
"Loq'-May-B'iyoom, Loq'-May-Meb'a'",T25_P724,tor,Rka' tijb'ij re ta' chiki' tkun chij torik.+,"Ãl dijo que ya no podÃ­a abrirlo,"
"Loq'-May-B'iyoom, Loq'-May-Meb'a'",T25_P730,tor,"Rka' jtorik ab'aj,+",Como era para abrir la piedra.
"Loq'-May-B'iyoom, Loq'-May-Meb'a'",T25_P734,tor,Neen moo jtorik ab'aj.+,Como abrir la piedra.
"Loq'-May-B'iyoom, Loq'-May-Meb'a'",T25_P749,aj,ritraj re tiyuq jb'ij rka'.+,Lo que Ã©l quizo era venir a decir.
"Loq'-May-B'iyoom, Loq'-May-Meb'a'",T25_P749,b'ij,ritraj re tiyuq jb'ij rka'.+,Lo que Ã©l quizo era venir a decir.
"Loq'-May-B'iyoom, Loq'-May-Meb'a'",T25_P750,b'ij,Neen jb'ij rka'+,Como se llama esto.
"Loq'-May-B'iyoom, Loq'-May-Meb'a'",T25_P800,siq,"-Wi' xaq tasiq rux,+",Hay solo sienta el olor.
"Loq'-May-B'iyoom, Loq'-May-Meb'a'",T25_P806,koj,"I ajri jun biyaj tijkoj taq b'i lab'aj,+",Es el primer viaje que entran en la piedra.
"Loq'-May-B'iyoom, Loq'-May-Meb'a'",T25_P819,me',"baay xijme'taqch jun kuxtar, re aj ya'l taq puwaq li.+",Baya se fuerÃ³n a traer un costal los que dan el dinero.
"Loq'-May-B'iyoom, Loq'-May-Meb'a'",T25_P824,b'an,Ri porke maq atz'iq ri tzii jb'anik b'enol jwi'l+,Si porque la ropa esta bien areglado.
"Loq'-May-B'iyoom, Loq'-May-Meb'a'",T25_P834,il,ri' chaq tril taq kompayr rik.+,Cuando se dieron cuenta que el compadre rico.
"Loq'-May-B'iyoom, Loq'-May-Meb'a'",T25_P856,me',"Xijme'taqch jun asiyar,+",FuerÃ³n a traer un chicote.
"Loq'-May-B'iyoom, Loq'-May-Meb'a'",T25_P862,me,"xijmetaqch jun luwar,+",Lo fuerÃ³n a traer de algÃºn lugar.
"Loq'-May-B'iyoom, Loq'-May-Meb'a'",T25_P866,me',"Jun kumetz xij me' taq,+",Una culebra fuerÃ³n a traer.
"Loq'-May-B'iyoom, Loq'-May-Meb'a'",T25_P876,en,ta' chiki' tij ta' neen tren.+,Ya no ayaba que hacer.
"Loq'-May-B'iyoom, Loq'-May-Meb'a'",T25_P881,b'an,jb'anik.+,Su manera.
"Loq'-May-B'iyoom, Loq'-May-Meb'a'",T25_P902,aj,mas chawaj.+,Bos mÃ¡s querÃ©s.
"Loq'-May-B'iyoom, Loq'-May-Meb'a'",T25_P908,esÃ¡,resajch jun kuxtar re.+,SacÃ³ un su costal de Ã©l.
"Loq'-May-B'iyoom, Loq'-May-Meb'a'",T25_P912,esÃ¡j,Baay usi...l resajch jun kuxtar+,Baya poco a poco sacÃ³ un su costal par Ã©l.
"Loq'-May-B'iyoom, Loq'-May-Meb'a'",T25_P926,ika,ya rik'aji' diyunabes chi k'exi' xtaq man asiyar re li.+,"Ya sintiÃ³ de una sola vez, que duele ese chicote pues."
"Loq'-May-B'iyoom, Loq'-May-Meb'a'",T25_P939,tor,B'ane' xinkun chij torik loq'laj puwert li.+,Bueno pude abrir la santa puerta.
"Loq'-May-B'iyoom, Loq'-May-Meb'a'",T25_P941,tor,neen moo rka' neen moo jtorik puwerte.+,Como como abrir la puerta.
"Loq'-May-B'iyoom, Loq'-May-Meb'a'",T25_P982,il,I rila'tqa' chi puwaq wi' xilj man kuxtar li.+,Y como vierÃ³n que es dinero lo que hay dentro del costal.
"Loq'-May-B'iyoom, Loq'-May-Meb'a'",T25_P1000,ik'a,"B'aay usil ya trik'aj tpe jyaj,+","Baya poco a poco, sintiÃ³ que ya le venÃ­a su enfermedad."
"Loq'-May-B'iyoom, Loq'-May-Meb'a'",T25_P1002,ta',"ya ta' chiki' tijta' neen tren,+",Ya no hayaba que hacer.
"Loq'-May-B'iyoom, Loq'-May-Meb'a'",T25_P1002,en,"ya ta' chiki' tijta' neen tren,+",Ya no hayaba que hacer.
"Loq'-May-B'iyoom, Loq'-May-Meb'a'",T25_P1024,kuxta,"Rka' kompayr rik ta' tijkuxtaj taq Diyoos,+","Compadre rico no se recordar de dios,"
"Loq'-May-B'iyoom, Loq'-May-Meb'a'",T25_P1029,koj,"qa... wi' tijkoj taq,+","Hay algunos que meten,"
"Loq'-May-B'iyoom, Loq'-May-Meb'a'",T25_P1030,koj,wi' mkita' tijkoj taq.+,"y otros no, (ay algunos que creen y otros que no)"
"Loq'-May-B'iyoom, Loq'-May-Meb'a'",T25_P1035,yol,ri' li xink'is tink'is jyolik lori.+,"Eso es lo que terminÃ©, terminÃ© de contar ahora."
Importancia y Cuidado del Bosque,T20_P50,ye',"Ri rere tijya's,+",Él es quien nos da la leña.
Importancia y Cuidado del Bosque,T20_P51,ya',"tijya' teew,+",Nos da aire.
Importancia y Cuidado del Bosque,T20_P53,ya',"Tijya' teew, teew rech taqajik' qúxb'.+","Da aire , aire para que jalemos nuestro aliento."
Importancia y Cuidado del Bosque,T20_P62,ye',Ta' chki' tijye' taq jq'iij.+,Ya no le dan importancia.
Importancia y Cuidado del Bosque,T20_P67,yoq',"tijyoq' taq, taq ra jfoot qaqaaj Diyoos.+",Matratan la foto de nuestro padre Dios. (imagen)
Importancia y Cuidado del Bosque,T20_P89,b'i,"tijb'ij taq qa-qaaj, qamaam qeet'.+",Dicen nuestros padres y abuelos y abuelas.
Importancia y Cuidado del Bosque,T20_P102,b'an,rem jb'anik rka' tanb'ij iin pwes kee.+,Asi como digo yo pues que.
Importancia y Cuidado del Bosque,T20_P113,b'an,toose ri' li jb'anik ta'lexch ja'.+,Entonces eso es la forma coomo nace el agua.
Importancia y Cuidado del Bosque,T20_P118,b'an,"Ji'n per chijb'anik tanb'ij iin,+",Como digo yo.
Importancia y Cuidado del Bosque,T20_P127,b'an,kom chawilka' jb'anik tren taq kirtyan+,Como ya ve como hace la gente.
Importancia y Cuidado del Bosque,T20_P127,en,kom chawilka' jb'anik tren taq kirtyan+,Como ya ve como hace la gente.
Importancia y Cuidado del Bosque,T20_P128,qasaj,ori tijin tijqasaj taq nimaq taq chee'.+,Ahora estan botando arboles grandes.
Importancia y Cuidado del Bosque,T20_P129,en,Chaj tijin tren taq k'ex re.+,Al pino le estan haciendo daño.
Importancia y Cuidado del Bosque,T20_P130,b'an,"Toos ri' li' jb'anik rii jun sib'laj,+",Entonces eso es una gran.
Importancia y Cuidado del Bosque,T20_P131,b'an,jb'anik jun jwert kimik tren taq nojeel q'iij.+,Es como que estubieran matando todos los dias.
Importancia y Cuidado del Bosque,T20_P131,en,jb'anik jun jwert kimik tren taq nojeel q'iij.+,Es como que estubieran matando todos los dias.
Importancia y Cuidado del Bosque,T20_P132,en,Jun jwert sachik tren taq nojeel q'iij.+,Una fuerte perdida hacen todos los dias.
Importancia y Cuidado del Bosque,T20_P147,en,Toos jwi'l k'u li jinon li tren.+,Entonces es por eso que hace así.
Importancia y Cuidado del Bosque,T20_P157,en,"E... m moo tren taq,+",Saber como hacen.
Importancia y Cuidado del Bosque,T20_P159,b'an,"Ri' rka' jb'anik nemoo tren taq yaq mosib',+",Así hacen los ladinos.
Importancia y Cuidado del Bosque,T20_P159,en,"Ri' rka' jb'anik nemoo tren taq yaq mosib',+",Así hacen los ladinos.
Importancia y Cuidado del Bosque,T20_P163,koj,ri' mis chee' tijkoj taq.+,Es la misma madeera el aue usan.
Importancia y Cuidado del Bosque,T20_P203,en,"Tose ri' k'u li pwes tren taq qa-qaaj,+",Entonces eso es lo que hacen nuestros padres.
Importancia y Cuidado del Bosque,T20_P206,yol,a' nimi' jyolik ri qaaj nimi' jyolik ri.+,A contar esto señor es mucho.
Importancia y Cuidado del Bosque,T20_P206,yol,a' nimi' jyolik ri qaaj nimi' jyolik ri.+,A contar esto señor es mucho.
Importancia y Cuidado del Bosque,T20_P209,tik,"li moo kristyan lori pwes tijtika' rab'ixaq,+",Así como las personas ahora pues siembran sus milpas.
Importancia y Cuidado del Bosque,T20_P214,ch'ikch'ij,"Xaq b'ij ch'ikch'ij taq,+",Solo lovan a sembrara la ligera.
Importancia y Cuidado del Bosque,T20_P222,en,ri' qes jcholájl tren taq ójor taq tziij.+,Es la forman que hacen antiguamente.
Importancia y Cuidado del Bosque,T20_P225,qa,Toos kwand ya t'ok jqasajik k'ichelaaj nab'e tik'am taq b'i poom chi rij ral ulew.+,Entonces cuando ya empiezan a botar montaña primero se adelantan con estoraque para pedir permizo a la matre tierra.
Importancia y Cuidado del Bosque,T20_P227,qa,u k'ichelaaj tijqasaj taq pwes tijb'ij taq.+,"O montaña es lo que bajan o cortan, pues dicen."
Importancia y Cuidado del Bosque,T20_P227,b'ij,u k'ichelaaj tijqasaj taq pwes tijb'ij taq.+,"O montaña es lo que bajan o cortan, pues dicen."
Importancia y Cuidado del Bosque,T20_P228,b'ij,"Tijb'ij taq intiit' ójor,+",Decian mi abuela antiguamente.
Importancia y Cuidado del Bosque,T20_P229,koj,"rii uxub' arob poom tijkoj taq,+",Que son tres arobas de estoraque era loque usavan.
Importancia y Cuidado del Bosque,T20_P235,b'ij,Pero qas tijb'ij taq ójor taq tziij.+,Pero loque decian antiguamente.
Importancia y Cuidado del Bosque,T20_P239,k'am,"kantelaa tijk'am,+",Candelas llevan.
Importancia y Cuidado del Bosque,T20_P242,k'am,"Tijk'am taq b'i poom,+",Llevan estoraque.
Importancia y Cuidado del Bosque,T20_P243,poma,xijpomajtqa' jwich witz.+,Se fueron a rendirle tributos al cerro.
Importancia y Cuidado del Bosque,T20_P244,poma,"Xijpomajtqa' jwich,+",Y ya le fuerón a rendirle tributos al cerro.
Importancia y Cuidado del Bosque,T20_P245,koj,nin lamas lwar tijkoj jchaakaq.+,En donde ellos van a trabajar.
Importancia y Cuidado del Bosque,T20_P246,en,"Toos ri' k'u li tren taq jinon li,+",Entonces asi es como hacen.
Importancia y Cuidado del Bosque,T20_P247,en,tren taq.+,Hacían ellos.
Importancia y Cuidado del Bosque,T20_P253,q'atz,"Ta' tijq'atz,+",No se cortan.
Importancia y Cuidado del Bosque,T20_P263,ta,"xi' chki' jtayik chik,+",Se fueron a pedir otra vez.
Importancia y Cuidado del Bosque,T20_P267,tik,Lamaas lwar tijtik rab'ixaq.+,En el lugar en donde siembran sus milpas.
Importancia y Cuidado del Bosque,T20_P268,koj,I kla' tijkoje' taq wi'w ri kostumbre.+,Y allí van a poner o hhacer la cosumbre. (ceremonia)
Importancia y Cuidado del Bosque,T20_P273,b'it,"Xpek'u jaal li bwen taq qelen tijb'itaq,+",Viene buenas mazorcas buenas cosechan allí.
Importancia y Cuidado del Bosque,T20_P274,en,ri' li trentaq uchaq lom ójor.+,Eso es lo que hacen en las montaña antiguamente.
Importancia y Cuidado del Bosque,T20_P275,en,"O jinon trentaq qa-maam,+",O asi es como hacían nuestros abuelos.
Importancia y Cuidado del Bosque,T20_P304,-b'ij,"tamtkiti awetam tijb'ij taq li ro'ójor taq tziij,+",Ralvez no lo sabe que dicen antiguamente.
Importancia y Cuidado del Bosque,T20_P306,b'an,"Kom ójor jb'anik pok sub'laaj jwert naa jmillagr,+",Como antes tenía su milagro.
Importancia y Cuidado del Bosque,T20_P307,b'an,jwert naa dilikaa jb'anik.+,En ese entonces era muy delicado.
Importancia y Cuidado del Bosque,T20_P309,b'ij,"Toos ri' li jinon tijb'ij taq,+",Entonces eso es loque decían.
Importancia y Cuidado del Bosque,T20_P310,k'oj,"diske li jwi'li ni'j kristyan ta' jkojb'alaq li,+","Dice que es por algunas personas, que no tienen respeto."
Importancia y Cuidado del Bosque,T20_P311,b'ij,"tijb'ij taq xi' jb'ite' taq paagr laq'ab',+",Dicen que fueron a levantar al sacerdote en la noche. (muy de madrugada)
Importancia y Cuidado del Bosque,T20_P311,b'it,"tijb'ij taq xi' jb'ite' taq paagr laq'ab',+",Dicen que fueron a levantar al sacerdote en la noche. (muy de madrugada)
Importancia y Cuidado del Bosque,T20_P313,en,Tren taq misa.+,Hacen misa.
Importancia y Cuidado del Bosque,T20_P325,en,Alajwers tren taq obligar paagre.+,"A la fuerza le hacen, obligan al padre."
Importancia y Cuidado del Bosque,T20_P331,yol,Jonon tijyol taq k'etzen intiit' li ójor taq tziij.+,Asi nos contaba mi finada abuela antiguamente.
Importancia y Cuidado del Bosque,T20_P334,b'an,Tonse xpenika retzel paagre nika' jb'anik.+,"Entonces vino el enojo del padre, o se enojó el padre."
Importancia y Cuidado del Bosque,T20_P335,en,"Xpe jun retzel re li kom majcholájl ta' tren maq kristyan,+","Se le vino un enojo al padre, como no es lo corecto lo que hicieron las personas."
Importancia y Cuidado del Bosque,T20_P354,b'an,"If.Ri' li jinon jb'anik xlatun jwich juul li ri, ri re man San Katalina.+","Así fue, como se voltio viendo a quetzaltenango, la cueva de santa catalina."
Importancia y Cuidado del Bosque,T20_P361,b'it,Per jwi'li' ni'j kristyan xijb'ite' taq+,Pero por algunas gentes que siempre levantan.
Importancia y Cuidado del Bosque,T20_P363,b'it,"xijb'ite' taq paagr a... ayi kee xen taq uu xb'anik,+",Levantaron al padre para que hicieran como.
Importancia y Cuidado del Bosque,T20_P364,koj,"b'anik ya xijkoje',+",Así como que ya fuera a poner.
Importancia y Cuidado del Bosque,T20_P365,koj,xijkoje' jchi'aq re paagr.+,"Le fuerón a meter la boca al padre, (fueron a ofender al padre)."
Importancia y Cuidado del Bosque,T20_P366,b'an,"Jb'anik xijyaje' taq paagr,+",Es como que fueron a regañar al padre.
Importancia y Cuidado del Bosque,T20_P366,yaj,"Jb'anik xijyaje' taq paagr,+",Es como que fueron a regañar al padre.
Importancia y Cuidado del Bosque,T20_P367,yaj,xijyaje' taq paagre ke jinon tijb'ij taq.+,Fueron a regañar al padre así cuentan.
Importancia y Cuidado del Bosque,T20_P367,b'ij,xijyaje' taq paagre ke jinon tijb'ij taq.+,Fueron a regañar al padre así cuentan.
Importancia y Cuidado del Bosque,T20_P368,b'ij,"Jinon tijb'ij intiit' ójor xijb'ite' taq paagr jwi'l k'u ri ni'j kristyan xojkajrne',+","Así decía mi abuela antes, que lo fuerón a levantar al padre y por esas gentes nos quedamos."
Importancia y Cuidado del Bosque,T20_P368,b'it,"Jinon tijb'ij intiit' ójor xijb'ite' taq paagr jwi'l k'u ri ni'j kristyan xojkajrne',+","Así decía mi abuela antes, que lo fuerón a levantar al padre y por esas gentes nos quedamos."
Importancia y Cuidado del Bosque,T20_P408,b'an,nimi' jq'iij jb'anik yo'l witzi'n tqab'ij re.+,Es de mayor importancia el cerro porque es un cerro vivo o sagrado.
Importancia y Cuidado del Bosque,T20_P415,b'ij,"Qes nen mo tijb'ij likastiy,+",Como dicen en castellano.
Importancia y Cuidado del Bosque,T20_P484,b'an,kita' chujb'anik tijb'ij taq ójor taq tziij.+,Así como dicen antiguamente.
Importancia y Cuidado del Bosque,T20_P484,b'ij,kita' chujb'anik tijb'ij taq ójor taq tziij.+,Así como dicen antiguamente.
Importancia y Cuidado del Bosque,T20_P503,b'an,"Toos jinon jb'anik qelk'waal,+",Entonces asi son nuestros hijos.
Importancia y Cuidado del Bosque,T20_P507,ye',"Wi' jye'ik jno'j ra anm,+",Hay manera de darles consejos si son mujercitas.
Importancia y Cuidado del Bosque,T20_P508,ye',wi' jye'ik jno'j ra wunaq.+,"También hay manera de darle consejos si son barones o hombres,"
Importancia y Cuidado del Bosque,T20_P511,ye',"jalan jye'ik,+",Es diferente dar.
Importancia y Cuidado del Bosque,T20_P512,ye',"jalan jno'j. Jalani' j...ye'ik,+","Es diferente el conocimienteo, es diferente dar."
Importancia y Cuidado del Bosque,T20_P514,b'an,"Jb'anik rk'i tzitaq chomrsánk,+",Es con buenos consejos y buenos pensamientos.
Importancia y Cuidado del Bosque,T20_P525,b'ij,"b'anik tijb'ij taq qa-qaaj,+",Asi como dicen nuestros padres.
Importancia y Cuidado del Bosque,T20_P529,b'ij,"non tijb'ij,+",Así dicían.
Importancia y Cuidado del Bosque,T20_P530,b'ij,non tijb'ij inmaam wit' ójor.+,Asi nos decia mi abuelo antes.
Importancia y Cuidado del Bosque,T20_P568,il,"A' rechaq tzii triltaq,+",A ellos es bueno les miran.
Importancia y Cuidado del Bosque,T20_P569,sech,est ri' nemas tijsech.+,Solamente es una confución.
Importancia y Cuidado del Bosque,T20_P570,b'ij,Baay xoktqa' rechaq chi jb'ij taq chi qe.+,Baya empezarón ellos a decirnos.
Importancia y Cuidado del Bosque,T20_P578,ye',"Ta' chki' tijye' taq jq'iij wron,+",Ya no le dan la importancia a los sacates.
Importancia y Cuidado del Bosque,T20_P579,ye',ta' chki' tijye' taq jq'iij.+,Ya no le dan importancia.
Importancia y Cuidado del Bosque,T20_P591,b'an,"Per qastz'eti re chijb'anik tanb'ij iin,+",Pero es cierto así como digo yo.
Importancia y Cuidado del Bosque,T20_P597,ya',"Pero kom chib'anik tanb'ij iin aaj, aaj ritk'unere' tijya' taq jq'iij chee'.+","Pero así como digo yo, hojalá que entonces le den la importancia a los árboles y al bosque."
Importancia y Cuidado del Bosque,T20_P598,koj,Ajritk'unere' ta' chi tijkoj taq.+,Y entonces ya no le importancia ellos.
Importancia y Cuidado del Bosque,T20_P607,b'ij,"Jinon tijb'ij taq qa-qaaj,+",Asi dicen nuestros padres.
Importancia y Cuidado del Bosque,T20_P620,b'ij,pwes Diyoos pwes iin tijb'iji' lajinwárj.+,Pues Dios pues me avisa en mis sueños.
Importancia y Cuidado del Bosque,T20_P625,ya',"tijya', tijb'iji' chwe qonojeli',+","Da, me dice a todos."
Importancia y Cuidado del Bosque,T20_P625,b'ij,"tijya', tijb'iji' chwe qonojeli',+","Da, me dice a todos."
Importancia y Cuidado del Bosque,T20_P651,en,tren k'otob'.+,Hace pozos.
